sample_name,Target,0,1,2,3,4,5,6,7,8,9,cas9_score,nick_to_pegRNA,dPAM,PE3b,RTT_GC,RTT_length,PBS_GC,PBS_length,N_subsitution,N_deletion,N_insertions,Target_pos,Target_end_flank
EDFIG10_HEK293T_HBB_4AT_PE3,43.5103238,0.0,0.0544266,0.45286,0.486153,0.474038,0.374986,0.0,0.0224091,0.0330876,0.0371544,54.657999999999994,72.0,0,0,0.5,14,0.615384615,13,1,0,0,4,10
EDFIG10_HEK293T_HEK3_1CTTINS_PE3,52.44926293333333,0.24753100000000003,0.267672,0.111921,0.0824388,0.10116600000000002,0.113167,0.11733,0.116516,0.34425599999999995,0.433382,63.26500000000001,90.0,1,0,0.5,10,0.615384615,13,0,0,3,1,6
EDFIG10_HEK293T_HEK3_1TG_PE3,53.24303273333334,0.7947729999999998,0.284468,0.277751,0.291675,0.312424,0.329015,0.0184348,0.0228877,0.0105403,0.0,63.26500000000001,90.0,0,0,0.6,10,0.615384615,13,1,0,0,1,9
EDFIG10_HEK293T_HEK3_3AC_PE3,54.54096036666667,0.794663,0.277289,0.270538,0.280266,0.300207,0.31621,0.0134202,0.0149849,0.0159211,0.187616,63.26500000000001,90.0,0,0,0.6,10,0.615384615,13,1,0,0,3,7
EDFIG10_HEK293T_HEK3_3AT_5GT_6GT_PE3,58.151759666666656,0.815335,0.0912931,0.0969087,0.0916619,0.08460839999999999,0.0907371,0.0877728,0.11870200000000002,0.1507,0.166574,63.26500000000001,90.0,1,0,0.5,34,0.615384615,13,3,0,0,3,28
EDFIG10_HEK293T_HEK3_3AT_PE3,47.3140548,0.792643,0.281373,0.274493,0.199143,0.21331200000000003,0.224669,0.061661600000000004,0.0709189,0.0750466,0.24068900000000001,63.26500000000001,90.0,0,0,0.5,10,0.615384615,13,1,0,0,3,7
EDFIG10_HEK293T_PRNP_6GT_PE3,54.56097483333333,0.0480402,0.182728,0.23551599999999998,0.0312821,0.0240813,0.403503,0.45710200000000006,0.495746,0.510132,0.302574,46.10999999999999,72.0,1,0,0.5,12,0.833333333,12,1,0,0,6,6
EDFIG10_HEK293T_RNF2_1CA_PE3,32.951117966666665,0.257855,0.413246,0.498761,0.345037,0.0,0.33771600000000007,0.368911,0.0609921,0.431227,0.482303,52.23,41.0,0,0,0.428571429,14,0.333333333,15,1,0,0,1,13
EDFIG10_HEK293T_RNF2_1CG_PE3,44.3991034,0.254212,0.390318,0.4709999999999999,0.340184,0.0,0.332571,0.363278,0.0593415,0.418499,0.46801,52.23,41.0,0,0,0.5,14,0.333333333,15,1,0,0,1,13
EDFIG10_HEK293T_RNF2_1GTAINS_PE3,51.98244223333334,0.228994,0.430073,0.517421,0.303128,0.0,0.290634,0.328395,0.057896399999999994,0.407654,0.455883,52.23,41.0,1,0,0.47058823499999997,17,0.333333333,15,0,0,3,1,13
EDFIG5A_VEGFA_10NT,17.370864933333337,0.266022,0.278374,0.262144,0.0495295,0.275272,0.291363,0.309661,0.277589,0.020942200000000005,0.0152966,66.789,,1,0,0.6,10,0.615384615,13,1,0,0,5,5
EDFIG5A_VEGFA_11NT,18.068727366666668,0.7949100000000001,0.261503,0.273791,0.24903299999999998,0.08569529999999999,0.0965524,0.128723,0.143795,0.11905700000000001,0.0,66.789,,1,0,0.545454545,11,0.615384615,13,1,0,0,5,6
EDFIG5A_VEGFA_12NT,15.249988633333334,0.992858,0.217848,0.403424,0.42196799999999995,0.370355,0.147775,0.155291,0.09433600000000002,0.128094,0.12374599999999998,66.789,,1,0,0.583333333,12,0.615384615,13,1,0,0,5,7
EDFIG5A_VEGFA_13NT,19.818981166666664,0.7624460000000001,0.251051,0.24234,0.371607,0.388731,0.343072,0.150568,0.158308,0.08672410000000001,0.133111,66.789,,1,0,0.538461538,13,0.615384615,13,1,0,0,5,8
EDFIG5A_VEGFA_14NT,21.0236279,0.0396232,0.0302573,0.229777,0.22189500000000004,0.415619,0.434763,0.375538,0.19378700000000001,0.203755,0.0626397,66.789,,1,0,0.5,14,0.615384615,13,1,0,0,5,9
EDFIG5A_VEGFA_15NT,17.794598366666666,0.999298,0.801025,0.550828,0.176276,0.17216,0.35143299999999994,0.3676920000000001,0.31212,0.19717700000000002,0.218846,66.789,,1,0,0.533333333,15,0.615384615,13,1,0,0,5,10
EDFIG5A_VEGFA_16NT,15.738503299999998,0.890285,0.19238999999999998,0.117697,0.08512400000000002,0.0760965,0.206468,0.394077,0.412253,0.338349,0.262562,66.789,,1,0,0.5625,16,0.615384615,13,1,0,0,5,11
EDFIG5A_VEGFA_17NT,22.536342266666665,0.0789577,0.10127599999999999,0.128381,0.12728,0.0934715,0.0376111,0.0465475,0.08788800000000001,0.0919387,0.0768508,66.789,,1,0,0.588235294,17,0.615384615,13,1,0,0,5,12
EDFIG5A_VEGFA_18NT,19.568438633333333,0.808274,0.677574,0.687903,0.0414772,0.0416655,0.0421311,0.0456292,0.0745015,0.143439,0.150062,66.789,,1,0,0.555555556,18,0.615384615,13,1,0,0,5,13
EDFIG5A_VEGFA_19NT,25.6312404,0.170829,0.190825,0.203677,0.212454,0.22212599999999996,0.21502,0.156947,0.0483189,0.0475921,0.0247243,66.789,,1,0,0.578947368,19,0.615384615,13,1,0,0,5,14
EDFIG5A_VEGFA_20NT,26.742733733333335,0.777559,0.0927617,0.100495,0.10613,0.110385,0.115029,0.11290300000000002,0.08494030000000001,0.024062199999999995,0.023556900000000002,66.789,,1,0,0.55,20,0.615384615,13,1,0,0,5,15
EDFIG5A_VEGFA_21NT,29.445244866666663,0.0643446,0.0754636,0.0719221,0.0931691,0.15209,0.166185,0.18233599999999997,0.110226,0.08378970000000001,0.021575799999999996,66.789,,1,0,0.523809524,21,0.615384615,13,1,0,0,5,16
EDFIG5A_VEGFA_22NT,29.943587400000006,0.0103022,0.0810604,0.09415460000000002,0.0771978,0.0834478,0.185964,0.204028,0.224911,0.0956423,0.073783,66.789,,1,0,0.5,22,0.615384615,13,1,0,0,5,17
EDFIG5A_VEGFA_23NT,22.5974209,0.998298,0.52363,0.0915681,0.106191,0.0,0.0213185,0.212195,0.23380600000000004,0.259129,0.0,66.789,,1,0,0.52173913,23,0.615384615,13,1,0,0,5,18
EDFIG5A_VEGFA_24NT,30.480535200000002,0.250153,0.278223,0.149382,0.101439,0.11792399999999999,0.0612169,0.0629166,0.23448499999999997,0.259619,0.289453,66.789,,1,0,0.5,24,0.615384615,13,1,0,0,5,19
EDFIG5A_VEGFA_25NT,25.880416099999998,0.18780300000000003,0.6823390000000001,0.6919619999999999,0.0,0.0633163,0.0740049,0.219685,0.23014499999999996,0.238038,0.246248,66.789,,1,0,0.52,25,0.615384615,13,1,0,0,5,20
EDFIG5A_VEGFA_26NT,24.554598100000003,0.685882,0.159494,0.163875,0.199607,0.0611999,0.121712,0.140612,0.186901,0.195804,0.365988,66.789,,1,0,0.5,26,0.615384615,13,1,0,0,5,21
EDFIG5A_VEGFA_27NT,22.412533266666664,0.943213,0.181218,0.22871300000000003,0.247205,0.263261,0.141585,0.213649,0.246559,0.17072600000000002,0.0658271,66.789,,1,0,0.518518519,27,0.615384615,13,1,0,0,5,22
EDFIG5A_VEGFA_28NT,25.172569666666668,0.332466,0.55998,0.577879,0.596195,0.612057,0.625717,0.025249499999999998,0.0364969,0.0422891,0.6968869999999999,66.789,,1,0,0.5,28,0.615384615,13,1,0,0,5,23
EDFIG5A_VEGFA_29NT,18.9994549,0.9287610000000001,0.0,0.525536,0.49820899999999996,0.163273,0.177656,0.19008,0.145497,0.174805,0.203921,66.789,,1,0,0.517241379,29,0.615384615,13,1,0,0,5,24
EDFIG5A_VEGFA_30NT,20.4709289,0.84271,0.40523099999999995,0.37073,0.156545,0.161085,0.165793,0.170204,0.177799,0.17929000000000003,0.159232,66.789,,1,0,0.533333333,30,0.615384615,13,1,0,0,5,25
EDFIG5A_VEGFA_31NT,20.3441226,0.90312,0.0498906,0.41152799999999995,0.38057500000000005,0.09547489999999999,0.135976,0.174007,0.18967199999999998,0.203805,0.189439,66.789,,1,0,0.548387097,31,0.615384615,13,1,0,0,5,26
EDFIG5A_VEGFA_8NT,5.900355133333333,0.0172947,0.206305,0.552641,0.595477,0.630892,0.574172,0.0204238,0.0172503,0.0139542,0.624206,66.789,,1,0,0.5,8,0.615384615,13,1,0,0,5,3
EDFIG5A_VEGFA_9NT,14.767180500000002,0.220206,0.229343,0.094129,0.36986,0.391391,0.41625400000000007,0.37613499999999994,0.0179889,0.0281744,0.015552000000000002,66.789,,1,0,0.555555556,9,0.615384615,13,1,0,0,5,4
EDFIG5B_DNMT1_10NT,5.100177333333333,0.173268,0.529952,0.550931,0.558064,0.35155999999999993,0.41418399999999994,0.44151999999999997,0.446472,0.024464200000000002,0.335933,65.144,,1,0,0.5,10,0.615384615,13,1,0,0,5,5
EDFIG5B_DNMT1_11NT,9.992334633333332,0.0,0.0109473,0.18544400000000003,0.197066,0.296289,0.6784719999999999,0.718502,0.761143,0.75599,0.0179047,65.144,,1,0,0.545454545,11,0.615384615,13,1,0,0,5,6
EDFIG5B_DNMT1_12NT,3.479795933333333,0.9462800000000001,0.396175,0.026007,0.180407,0.0108028,0.0170953,0.0391275,0.111005,0.138646,0.139688,65.144,,1,0,0.583333333,12,0.615384615,13,1,0,0,5,7
EDFIG5B_DNMT1_13NT,3.3148967666666667,0.8831289999999999,0.270253,0.0157991,0.0451625,0.020264,0.0124099,0.0246557,0.0562039,0.1592,0.17070299999999997,65.144,,1,0,0.615384615,13,0.615384615,13,1,0,0,5,8
EDFIG5B_DNMT1_14NT,4.072493,0.9467060000000002,0.158437,0.21338899999999997,0.0209485,0.0611448,0.0657967,0.0543804,0.0197948,0.0450537,0.127494,65.144,,1,0,0.642857143,14,0.615384615,13,1,0,0,5,9
EDFIG5B_DNMT1_15NT,9.641155033333334,0.629848,0.0384428,0.17333,0.0254704,0.016672,0.0820421,0.0868462,0.072039,0.142295,0.300394,65.144,,1,0,0.6,15,0.615384615,13,1,0,0,5,10
EDFIG5B_DNMT1_16NT,4.5721780999999995,0.978498,0.0,0.29809,0.0173975,0.0,0.033219,0.256305,0.27159,0.22826500000000002,0.019011,65.144,,1,0,0.625,16,0.615384615,13,1,0,0,5,11
EDFIG5B_DNMT1_17NT,4.5235015,0.9842270000000001,0.667596,0.620007,0.0145225,0.0,0.0,0.024839299999999998,0.4669809999999999,0.492581,0.420537,65.144,,1,0,0.647058824,17,0.615384615,13,1,0,0,5,12
EDFIG5B_DNMT1_18NT,4.396325999999999,0.980897,0.068523,0.634002,0.595995,0.0,0.0,0.0,0.0356491,0.4471589999999999,0.471972,65.144,,1,0,0.666666667,18,0.615384615,13,1,0,0,5,13
EDFIG5B_DNMT1_19NT,9.197167066666667,0.233834,0.248046,0.262292,0.100337,0.0940263,0.0182761,0.0,0.0209279,0.126469,0.042956799999999996,65.144,,1,0,0.6842105259999999,19,0.615384615,13,1,0,0,5,14
EDFIG5B_DNMT1_20NT,6.4550211666666675,0.896653,0.7250869999999999,0.736974,0.156797,0.022508,0.0329758,0.0354778,0.0,0.0349477,0.0404145,65.144,,1,0,0.65,20,0.615384615,13,1,0,0,5,15
EDFIG5B_DNMT1_21NT,4.924109533333334,0.9721639999999999,0.0124485,0.39116,0.418574,0.444907,0.029575,0.0367929,0.0145317,0.0,0.0154554,65.144,,1,0,0.666666667,21,0.615384615,13,1,0,0,5,16
EDFIG5B_DNMT1_22NT,7.795811066666667,0.638192,0.190179,0.182238,0.351886,0.38249700000000003,0.409453,0.0890049,0.0953314,0.145717,0.0193008,65.144,,1,0,0.636363636,22,0.615384615,13,1,0,0,5,17
EDFIG5B_DNMT1_23NT,7.253954233333333,0.667101,0.0,0.472189,0.439927,0.336578,0.365475,0.3928749999999999,0.203649,0.0760008,0.153684,65.144,,1,0,0.608695652,23,0.615384615,13,1,0,0,5,18
EDFIG5B_DNMT1_24NT,7.015356933333333,0.244522,0.0375427,0.0705401,0.38355,0.40209,0.440207,0.488243,0.528034,0.195311,0.183841,65.144,,1,0,0.625,24,0.615384615,13,1,0,0,5,19
EDFIG5B_DNMT1_25NT,5.320422499999999,0.047766,0.18281500000000003,0.0484068,0.0403248,0.341176,0.35959499999999994,0.435797,0.48420099999999994,0.525323,0.34218300000000007,65.144,,1,0,0.6,25,0.615384615,13,1,0,0,5,20
EDFIG5B_DNMT1_26NT,4.077400433333333,0.8457310000000001,0.705458,0.08489410000000001,0.587603,0.4830050000000001,0.289599,0.307182,0.433554,0.48254400000000003,0.523912,65.144,,1,0,0.576923077,26,0.615384615,13,1,0,0,5,21
EDFIG5B_DNMT1_27NT,3.727807066666667,0.9594999999999999,0.0223419,0.0404264,0.189891,0.0414939,0.0367537,0.365407,0.387645,0.47726700000000005,0.53582,65.144,,1,0,0.592592593,27,0.615384615,13,1,0,0,5,22
EDFIG5B_DNMT1_28NT,3.066361133333333,0.468049,0.497088,0.4647430000000001,0.447273,0.47942899999999994,0.397843,0.26022,0.256859,0.219248,0.12336200000000001,65.144,,1,0,0.571428571,28,0.615384615,13,1,0,0,5,23
EDFIG5B_DNMT1_29NT,2.8225834333333335,0.46883,0.550031,0.557693,0.578864,0.624473,0.670588,0.551288,0.34769999999999995,0.34966800000000003,0.305292,65.144,,1,0,0.586206897,29,0.615384615,13,1,0,0,5,24
EDFIG5B_DNMT1_30NT,2.4073433,0.795905,0.846817,0.900289,0.962846,0.957608,0.974608,0.990601,0.79988,0.432472,0.376201,65.144,,1,0,0.6,30,0.615384615,13,1,0,0,5,25
EDFIG5B_DNMT1_31NT,2.4279642333333333,0.0,0.755934,0.8066970000000001,0.8612290000000001,0.9227440000000001,0.936254,0.96725,0.9908009999999999,0.802311,0.434517,65.144,,1,0,0.580645161,31,0.615384615,13,1,0,0,5,26
EDFIG5B_DNMT1_8NT,6.410003266666668,0.08816810000000001,0.358898,0.81543,0.910616,0.964265,0.926,0.0,0.46880000000000005,0.6723979999999999,0.710498,65.144,,1,0,0.5,8,0.615384615,13,1,0,0,5,3
EDFIG5B_DNMT1_9NT,0.9195060333333333,0.99321,0.955632,0.949105,0.0158143,0.0320864,0.0408828,0.0570648,0.08574370000000002,0.197245,0.185076,65.144,,1,0,0.555555556,9,0.615384615,13,1,0,0,5,4
EDFIG5C_RUNX1_10NT,9.675212466666666,0.0,0.21834699999999999,0.0,0.0396112,0.0485962,0.0,0.0,0.0,0.0,0.0,57.854000000000006,,1,0,0.5,10,0.4000000000000001,15,1,0,0,5,5
EDFIG5C_RUNX1_11NT,13.548110666666668,0.9023499999999999,0.15409,0.0,0.0,0.057229300000000004,0.062134,0.0,0.0,0.0,0.0,57.854000000000006,,1,0,0.45454545500000004,11,0.4000000000000001,15,1,0,0,5,6
EDFIG5C_RUNX1_12NT,9.811749933333331,0.9951719999999998,0.012226,0.014784,0.0140727,0.0103482,0.027518200000000003,0.0291737,0.0,0.0,0.0,57.854000000000006,,1,0,0.5,12,0.4000000000000001,15,1,0,0,5,7
EDFIG5C_RUNX1_13NT,13.3703284,0.801491,0.32501,0.315594,0.0709165,0.0108949,0.0,0.014552,0.021022300000000004,0.0170478,0.0,57.854000000000006,,1,0,0.461538462,13,0.4000000000000001,15,1,0,0,5,8
EDFIG5C_RUNX1_14NT,16.838338666666665,0.267752,0.288548,0.312668,0.313605,0.0,0.0,0.0103109,0.0143581,0.0181605,0.012315399999999999,57.854000000000006,,1,0,0.5,14,0.4000000000000001,15,1,0,0,5,9
EDFIG5C_RUNX1_15NT,18.916892100000002,0.9199610000000001,0.324534,0.21840800000000002,0.3867070000000001,0.374037,0.0,0.0,0.0,0.0123575,0.0676046,57.854000000000006,,1,0,0.466666667,15,0.4000000000000001,15,1,0,0,5,10
EDFIG5C_RUNX1_16NT,12.615324966666666,0.993572,0.0,0.253486,0.27504,0.300489,0.303085,0.0181161,0.0176396,0.0279689,0.0361467,57.854000000000006,,1,0,0.5,16,0.4000000000000001,15,1,0,0,5,11
EDFIG5C_RUNX1_17NT,15.16676466666667,0.311893,0.344762,0.324579,0.293948,0.31897,0.3466099999999999,0.33477400000000007,0.0,0.0157321,0.0166164,57.854000000000006,,1,0,0.529411765,17,0.4000000000000001,15,1,0,0,5,12
EDFIG5C_RUNX1_18NT,12.0988779,0.9736540000000001,0.923466,0.949319,0.8938229999999999,0.143069,0.156259,0.17194,0.174235,0.011884399999999998,0.173859,57.854000000000006,,1,0,0.5,18,0.4000000000000001,15,1,0,0,5,13
EDFIG5C_RUNX1_19NT,14.6095692,0.0159662,0.195541,0.430916,0.448194,0.414544,0.19964400000000002,0.284314,0.202553,0.191092,0.0,57.854000000000006,,1,0,0.47368421099999997,19,0.4000000000000001,15,1,0,0,5,14
EDFIG5C_RUNX1_20NT,14.281315566666667,0.968347,0.789656,0.6902339999999999,0.11881199999999999,0.17167600000000002,0.22580600000000003,0.308375,0.488233,0.3492819999999999,0.176403,57.854000000000006,,1,0,0.45,20,0.4000000000000001,15,1,0,0,5,15
EDFIG5C_RUNX1_21NT,13.948404666666667,0.0452309,0.08367189999999998,0.08766440000000002,0.150944,0.23543100000000003,0.308529,0.412352,0.52135,0.798507,0.24305999999999997,57.854000000000006,,1,0,0.428571429,21,0.4000000000000001,15,1,0,0,5,16
EDFIG5C_RUNX1_22NT,11.747874033333334,0.05611639999999999,0.0742455,0.0829559,0.0,0.19398799999999997,0.276515,0.3717,0.505876,0.539534,0.288946,57.854000000000006,,1,0,0.40909090899999995,22,0.4000000000000001,15,1,0,0,5,17
EDFIG5C_RUNX1_23NT,12.797628666666668,0.0,0.0738575,0.0889224,0.09210420000000001,0.0,0.187414,0.269305,0.379033,0.541512,0.606779,57.854000000000006,,1,0,0.391304348,23,0.4000000000000001,15,1,0,0,5,18
EDFIG5C_RUNX1_24NT,9.077952333333334,0.9981839999999998,0.508429,0.0716024,0.0858403,0.08907550000000002,0.0,0.0464283,0.226776,0.270222,0.283625,57.854000000000006,,1,0,0.41666666700000005,24,0.4000000000000001,15,1,0,0,5,19
EDFIG5C_RUNX1_25NT,10.013573833333334,0.626516,0.218593,0.131799,0.0765599,0.0924901,0.0961673,0.0,0.051726799999999996,0.24151599999999998,0.28936,57.854000000000006,,1,0,0.4000000000000001,25,0.4000000000000001,15,1,0,0,5,20
EDFIG5C_RUNX1_26NT,8.124422666666668,0.994999,0.0272406,0.258533,0.028205500000000005,0.073869,0.0900624,0.0938574,0.0,0.0,0.240487,57.854000000000006,,1,0,0.423076923,26,0.4000000000000001,15,1,0,0,5,21
EDFIG5C_RUNX1_27NT,8.479266266666666,0.596544,0.63295,0.495207,0.145506,0.144563,0.118626,0.0800025,0.0836216,0.0124924,0.010459500000000002,57.854000000000006,,1,0,0.407407407,27,0.4000000000000001,15,1,0,0,5,22
EDFIG5C_RUNX1_28NT,8.246115300000001,0.0122786,0.914552,0.932242,0.701844,0.253836,0.252715,0.206844,0.0641598,0.0673335,0.0195426,57.854000000000006,,1,0,0.428571429,28,0.4000000000000001,15,1,0,0,5,23
EDFIG5C_RUNX1_29NT,9.3043748,0.867525,0.134722,0.323099,0.393982,0.314902,0.104528,0.103586,0.083774,0.0672933,0.0707625,57.854000000000006,,1,0,0.413793103,29,0.4000000000000001,15,1,0,0,5,24
EDFIG5C_RUNX1_30NT,8.776428133333331,0.116218,0.142906,0.156804,0.166936,0.17693499999999998,0.125706,0.0966318,0.0946496,0.075677,0.060772799999999995,57.854000000000006,,1,0,0.4000000000000001,30,0.4000000000000001,15,1,0,0,5,25
EDFIG5C_RUNX1_31NT,9.3483818,0.0543484,0.123371,0.14913,0.16312,0.173879,0.184657,0.159325,0.129166,0.128832,0.102844,57.854000000000006,,1,0,0.387096774,31,0.4000000000000001,15,1,0,0,5,26
EDFIG5C_RUNX1_8NT,1.5689167333333334,0.0118881,0.339983,0.391496,0.0,0.0,0.0,0.106773,0.11437400000000002,0.122344,0.126618,57.854000000000006,,1,0,0.5,8,0.4000000000000001,15,1,0,0,5,3
EDFIG5C_RUNX1_9NT,5.560753833333334,0.0,0.0,0.230005,0.24432,0.0,0.0,0.0,0.0280033,0.0299981,0.0320707,57.854000000000006,,1,0,0.444444444,9,0.4000000000000001,15,1,0,0,5,4
EDFIG5D_FANCF_10GT,24.737894800000003,0.123618,0.204257,0.123485,0.0,0.0,0.0619217,0.0706613,0.047467100000000005,0.0845722,0.08861579999999998,60.38399999999999,48.0,0,0,0.47058823499999997,17,0.571428571,14,1,0,0,10,7
EDFIG5D_FANCF_1AG,51.66619156666666,0.473871,0.49027100000000007,0.49252,0.0,0.0,0.511575,0.588067,0.642942,0.045807999999999995,0.0350441,60.38399999999999,48.0,0,0,0.588235294,17,0.571428571,14,1,0,0,1,16
EDFIG5D_FANCF_1AT,42.34216073333334,0.4117,0.425962,0.431289,0.0,0.0104043,0.479014,0.550802,0.602255,0.10046700000000001,0.104955,60.38399999999999,48.0,0,0,0.529411765,17,0.571428571,14,1,0,0,1,16
EDFIG5D_FANCF_2CA,40.63336773333333,0.572735,0.592541,0.590322,0.0,0.0,0.565271,0.649685,0.710671,0.0141659,0.0,60.38399999999999,48.0,0,0,0.47058823499999997,17,0.571428571,14,1,0,0,2,15
EDFIG5D_FANCF_3CG,46.66665293333334,0.4199840000000001,0.434533,0.439972,0.0,0.0,0.48908900000000005,0.562381,0.614881,0.0378347,0.0394952,60.38399999999999,48.0,0,0,0.529411765,17,0.571428571,14,1,0,0,3,14
EDFIG5D_FANCF_3CT,41.19793576666667,0.598379,0.619125,0.627646,0.0,0.0,0.693491,0.797339,0.869793,0.0132055,0.0136376,60.38399999999999,48.0,0,0,0.47058823499999997,17,0.571428571,14,1,0,0,3,14
EDFIG5D_FANCF_4TA,30.056552766666663,0.432092,0.44706399999999996,0.452976,0.0,0.0,0.503868,0.5794,0.629623,0.210117,0.21780600000000003,60.38399999999999,48.0,0,0,0.529411765,17,0.571428571,14,1,0,0,4,13
EDFIG5D_FANCF_4TG,36.75678406666666,0.335524,0.347138,0.351007,0.0,0.0,0.39063,0.449201,0.4913969999999999,0.321288,0.332195,60.38399999999999,48.0,0,0,0.588235294,17,0.571428571,14,1,0,0,4,13
EDFIG5D_FANCF_5GA,50.453475833333336,0.25832,0.267249,0.269159,0.0,0.0,0.295554,0.339867,0.37212400000000007,0.308422,0.312961,60.38399999999999,48.0,1,0,0.47058823499999997,17,0.571428571,14,1,0,0,5,12
EDFIG5D_FANCF_6GC,64.12354386666667,0.584036,0.604292,0.614186,0.0,0.0,0.691861,0.795478,0.8638210000000001,0.19399,0.202751,60.38399999999999,48.0,1,0,0.529411765,17,0.571428571,14,1,0,0,6,11
EDFIG5D_FANCF_7AC,27.5680605,0.48989900000000003,0.506833,0.46618,0.0,0.0,0.328125,0.376821,0.412474,0.131089,0.39157100000000006,60.38399999999999,48.0,0,0,0.588235294,17,0.571428571,14,1,0,0,7,10
EDFIG5D_FANCF_8TC,33.55107269999999,0.272768,0.282168,0.277368,0.0,0.0,0.295871,0.379488,0.40452899999999997,0.422301,0.439104,60.38399999999999,48.0,0,0,0.588235294,17,0.571428571,14,1,0,0,8,9
EDFIG5E_EMX1_2AC,15.097346566666667,0.648914,0.773024,0.822762,0.855998,0.8883170000000001,0.923844,0.941649,0.639712,0.6940779999999999,0.843384,69.541,53.0,0,0,0.6875,16,0.5,14,1,0,0,2,14
EDFIG5E_EMX1_2AT,6.809499333333334,0.675967,0.805251,0.857065,0.8916939999999999,0.925445,0.962865,0.9827660000000001,0.614132,0.689569,0.837968,69.541,53.0,0,0,0.625,16,0.5,14,1,0,0,2,14
EDFIG5E_EMX1_3AG,5.195643966666666,0.672006,0.800533,0.852043,0.886467,0.920014,0.957182,0.9768370000000001,0.614516,0.688208,0.836313,69.541,53.0,0,0,0.6875,16,0.5,14,1,0,0,3,13
EDFIG5E_EMX1_4GC,6.976854866666667,0.680578,0.810744,0.862911,0.897777,0.931763,0.969458,0.989613,0.608621,0.685814,0.833405,69.541,53.0,0,0,0.625,16,0.5,14,1,0,0,4,12
EDFIG5E_EMX1_5GA,19.580066066666664,0.6800479999999999,0.810113,0.8622390000000001,0.897077,0.931016,0.9685830000000001,0.9885610000000001,0.602561,0.675083,0.820363,69.541,53.0,1,0,0.5625,16,0.5,14,1,0,0,5,11
EDFIG5E_EMX1_5GT,30.252085166666664,0.679877,0.809908,0.862022,0.896851,0.930789,0.968378,0.988365,0.602114,0.668721,0.812624,69.541,53.0,1,0,0.5625,16,0.5,14,1,0,0,5,11
EDFIG5E_EMX1_7CA,2.5738412999999998,0.589338,0.702049,0.747151,0.77713,0.801089,0.808719,0.7969529999999999,0.593277,0.199588,0.19667899999999996,69.541,53.0,0,0,0.5625,16,0.5,14,1,0,0,7,9
EDFIG5E_EMX1_8TA,1.7004213666666668,0.56386,0.671703,0.714924,0.74381,0.772075,0.803602,0.818438,0.632833,0.19314,0.653112,69.541,53.0,0,0,0.625,16,0.5,14,1,0,0,8,8
EDFIG5E_EMX1_8TC,1.4168888666666666,0.538999,0.642086,0.683396,0.710986,0.737918,0.767694,0.780615,0.537304,0.607129,0.737434,69.541,53.0,0,0,0.6875,16,0.5,14,1,0,0,8,8
EDFIG5E_EMX1_8TG,1.2166084666666668,0.6829199999999999,0.8135340000000001,0.8658829999999998,0.9008759999999999,0.935165,0.973888,0.996603,0.972911,0.9900189999999999,0.524131,69.541,53.0,0,0,0.6875,16,0.5,14,1,0,0,8,8
EDFIG5E_EMX1_9CG,1.4257830999999999,0.5675,0.676037,0.719529,0.748547,0.7765939999999999,0.8006699999999999,0.8034659999999999,0.649969,0.796234,0.892858,69.541,53.0,0,0,0.625,16,0.5,14,1,0,0,9,7
EDFIG5E_EMX1_9CT,1.0229315333333333,0.650242,0.7746049999999999,0.824448,0.857759,0.890378,0.9271540000000001,0.9475250000000001,0.8680910000000001,0.7121970000000001,0.8772509999999999,69.541,53.0,0,0,0.5625,16,0.5,14,1,0,0,9,7
EDFIG5F_DNMT1_1AC,28.3139148,0.020244,0.0210895,0.35630999999999996,0.37781100000000006,0.39180300000000007,0.0,0.0,0.166429,0.19279,0.374763,65.144,49.0,0,0,0.727272727,11,0.615384615,13,1,0,0,1,10
EDFIG5F_DNMT1_1AG,31.24445513333334,0.0177218,0.023075300000000003,0.391972,0.416552,0.431509,0.0,0.0176082,0.057329700000000004,0.0593793,0.131417,65.144,49.0,0,0,0.727272727,11,0.615384615,13,1,0,0,1,10
EDFIG5F_DNMT1_2CA,1.0956874666666667,0.019398,0.029390299999999998,0.499112,0.531104,0.474879,0.101437,0.0661592,0.3728040000000001,0.514991,0.555725,65.144,49.0,0,0,0.545454545,11,0.615384615,13,1,0,0,2,9
EDFIG5F_DNMT1_2CG,15.158640833333333,0.0171205,0.0259891,0.441473,0.46988199999999997,0.48307800000000006,0.0,0.0215847,0.0253862,0.0337881,0.030789,65.144,49.0,0,0,0.636363636,11,0.615384615,13,1,0,0,2,9
EDFIG5F_DNMT1_2CT,16.6069018,0.0163669,0.0248462,0.42205699999999996,0.44882099999999997,0.462491,0.029759400000000002,0.046792499999999994,0.050460399999999996,0.0577763,0.0889295,65.144,49.0,0,0,0.545454545,11,0.615384615,13,1,0,0,2,9
EDFIG5F_DNMT1_3AT,23.310832766666667,0.0360475,0.0375524,0.451621,0.480949,0.500084,0.0,0.0,0.0161447,0.0204364,0.029546,65.144,49.0,0,0,0.636363636,11,0.615384615,13,1,0,0,3,8
EDFIG5F_DNMT1_4GA,18.568773933333336,0.0284471,0.021221100000000003,0.360466,0.38213,0.394949,0.389348,0.420637,0.446332,0.472508,0.533826,65.144,49.0,0,0,0.545454545,11,0.615384615,13,1,0,0,4,7
EDFIG5F_DNMT1_5GT,35.820327133333336,0.0,0.0109473,0.18544400000000003,0.197066,0.296289,0.6784719999999999,0.718502,0.761143,0.75599,0.0179047,65.144,49.0,1,0,0.545454545,11,0.615384615,13,1,0,0,5,6
EDFIG5F_DNMT1_6GC,42.08779440000001,0.0436233,0.0241992,0.401114,0.426661,0.445914,0.415271,0.439791,0.465547,0.387931,0.207781,65.144,49.0,1,0,0.636363636,11,0.615384615,13,1,0,0,6,5
EDFIG5F_DNMT1_8TA,22.823111166666664,0.228422,0.24230300000000002,0.256189,0.0965107,0.0898837,0.011139500000000002,0.0183404,0.0638058,0.0666921,0.0580234,65.144,49.0,0,0,0.736842105,19,0.615384615,13,1,0,0,8,11
EDFIG5F_DNMT1_8TC,24.228390133333335,0.162699,0.172848,0.182769,0.0958528,0.0892689,0.011139500000000002,0.0,0.0194651,0.0203815,0.024732600000000004,65.144,49.0,0,0,0.789473684,19,0.615384615,13,1,0,0,8,11
EDFIG5F_DNMT1_8TG,16.471521133333333,0.350883,0.372076,0.393513,0.08992470000000001,0.0833977,0.011139500000000002,0.0,0.0100355,0.0109903,0.0143482,65.144,49.0,0,0,0.789473684,19,0.615384615,13,1,0,0,8,11
EDFIG6A_EMX1_PE2_C5,14.124206533333334,0.632452,0.753412,0.801882,0.8342550000000001,0.865385,0.8983690000000001,0.913199,0.624586,0.517768,0.628971,69.541,,1,0,0.5625,16,0.5,14,1,0,0,6,10
EDFIG6A_EMX1_PE2_C6,15.371847633333335,0.6800479999999999,0.810113,0.8622390000000001,0.897077,0.931016,0.9685830000000001,0.9885610000000001,0.602561,0.675083,0.820363,69.541,,1,0,0.5625,16,0.5,14,1,0,0,5,11
EDFIG6A_EMX1_PE2_C7,0.4960035666666667,0.678185,0.807893,0.859877,0.8946200000000001,0.928489,0.966063,0.986114,0.613508,0.695464,0.845138,69.541,,0,0,0.5625,16,0.5,14,1,0,0,4,12
EDFIG6A_EMX1_PE3_C5,26.367039033333334,0.632452,0.753412,0.801882,0.8342550000000001,0.865385,0.8983690000000001,0.913199,0.624586,0.517768,0.628971,69.541,53.0,1,0,0.5625,16,0.5,14,1,0,0,6,10
EDFIG6A_EMX1_PE3_C6,25.482063,0.6800479999999999,0.810113,0.8622390000000001,0.897077,0.931016,0.9685830000000001,0.9885610000000001,0.602561,0.675083,0.820363,69.541,53.0,1,0,0.5625,16,0.5,14,1,0,0,5,11
EDFIG6A_EMX1_PE3_C7,1.6507856666666667,0.678185,0.807893,0.859877,0.8946200000000001,0.928489,0.966063,0.986114,0.613508,0.695464,0.845138,69.541,53.0,0,0,0.5625,16,0.5,14,1,0,0,4,12
EDFIG6A_FANCF_PE2_C3,9.9628119,0.171234,0.374898,0.175247,0.0,0.262939,0.282451,0.295208,0.196848,0.369605,0.385091,60.38399999999999,,0,0,0.47058823499999997,17,0.571428571,14,1,0,0,10,7
EDFIG6A_FANCF_PE2_C7,24.436015366666673,0.323855,0.335064,0.338713,0.0,0.0,0.42505,0.433368,0.529787,0.572194,0.598666,60.38399999999999,,1,0,0.47058823499999997,17,0.571428571,14,1,0,0,6,11
EDFIG6A_FANCF_PE2_C8,24.221886633333334,0.25832,0.267249,0.269159,0.0,0.0,0.295554,0.339867,0.37212400000000007,0.308422,0.312961,60.38399999999999,,1,0,0.47058823499999997,17,0.571428571,14,1,0,0,5,12
EDFIG6A_FANCF_PE3_C3,29.20832133333333,0.171234,0.374898,0.175247,0.0,0.262939,0.282451,0.295208,0.196848,0.369605,0.385091,60.38399999999999,48.0,0,0,0.47058823499999997,17,0.571428571,14,1,0,0,10,7
EDFIG6A_FANCF_PE3_C7,59.60954483333334,0.323855,0.335064,0.338713,0.0,0.0,0.42505,0.433368,0.529787,0.572194,0.598666,60.38399999999999,48.0,1,0,0.47058823499999997,17,0.571428571,14,1,0,0,6,11
EDFIG6A_FANCF_PE3_C8,53.59605943333333,0.25832,0.267249,0.269159,0.0,0.0,0.295554,0.339867,0.37212400000000007,0.308422,0.312961,60.38399999999999,48.0,1,0,0.47058823499999997,17,0.571428571,14,1,0,0,5,12
EDFIG6A_HEK3_PE2_C3,30.1661167,0.80801,0.442312,0.436054,0.05227590000000001,0.0566282,0.0636613,0.055758300000000004,0.1795,0.198025,0.310362,63.26500000000001,,1,0,0.4000000000000001,10,0.615384615,13,1,0,0,6,4
EDFIG6A_HEK3_PE2_C4,27.491592566666668,0.784574,0.20443599999999998,0.20091099999999998,0.39128,0.435192,0.423567,0.422259,0.571386,0.269959,0.262637,63.26500000000001,,1,0,0.4000000000000001,10,0.615384615,13,1,0,0,5,5
EDFIG6A_HEK3_PE2_C7,10.0374334,0.788528,0.278468,0.272045,0.247325,0.264921,0.278895,0.0719475,0.0794943,0.0731873,0.268043,63.26500000000001,,0,0,0.4000000000000001,10,0.615384615,13,1,0,0,2,8
EDFIG6A_HEK3_PE3_C3,58.648021400000005,0.80801,0.442312,0.436054,0.0522759,0.0566282,0.0636613,0.0557583,0.1795,0.198025,0.310362,63.265,90.0,1,0,0.4,10,0.615384615,13,1,0,0,6,4
EDFIG6A_HEK3_PE3_C4,53.962988,0.784574,0.204436,0.200911,0.39128,0.435192,0.423567,0.422259,0.571386,0.269959,0.262637,63.265,90.0,1,0,0.4,10,0.615384615,13,1,0,0,5,5
EDFIG6A_HEK3_PE3_C7,50.88088755,0.788528,0.278468,0.272045,0.247325,0.264921,0.278895,0.0719475,0.0794943,0.0731873,0.268043,63.265,90.0,0,0,0.4,10,0.615384615,13,1,0,0,2,8
EDFIG6C_EMX1_PE2_C5_C7,7.125968866666666,0.638521,0.760643,0.8095820000000001,0.842278,0.874012,0.90871,0.92532,0.60468,0.660486,0.802587,69.541,,1,0,0.5,16,0.5,14,2,0,0,4,10
EDFIG6C_EMX1_PE3_C5_C7,14.325417533333331,0.638521,0.760643,0.8095820000000001,0.842278,0.874012,0.90871,0.92532,0.60468,0.660486,0.802587,69.541,53.0,1,0,0.5,16,0.5,14,2,0,0,4,10
EDFIG6D_FANCF_PE2_A5,10.9275047,0.272768,0.282168,0.277368,0.0,0.0,0.295871,0.379488,0.40452899999999997,0.422301,0.439104,60.38399999999999,,0,0,0.588235294,17,0.571428571,14,1,0,0,8,9
EDFIG6D_FANCF_PE3_A5,39.066000633333324,0.272768,0.282168,0.277368,0.0,0.0,0.295871,0.379488,0.40452899999999997,0.422301,0.439104,60.38399999999999,48.0,0,0,0.588235294,17,0.571428571,14,1,0,0,8,9
EDFIG6D_HEK3_PE2_A5,16.0101703,0.79797,0.30668,0.298299,0.15248,0.163328,0.17199700000000004,0.051262300000000004,0.061624099999999994,0.0544434,0.271736,63.26500000000001,,0,0,0.6,10,0.615384615,13,1,0,0,4,6
EDFIG6D_HEK3_PE2_A8,16.735829233333334,0.8106269999999999,0.380171,0.377778,0.117286,0.125629,0.132295,0.0502359,0.2295,0.244827,0.22738099999999997,63.26500000000001,,0,0,0.6,10,0.615384615,13,1,0,0,1,9
EDFIG6D_HEK3_PE3_A5,56.06701174999999,0.79797,0.30668,0.298299,0.15248,0.163328,0.171997,0.0512623,0.0616241,0.0544434,0.271736,63.265,90.0,0,0,0.6,10,0.615384615,13,1,0,0,4,6
EDFIG6D_HEK3_PE3_A8,69.8318801,0.810627,0.380171,0.377778,0.117286,0.125629,0.132295,0.0502359,0.2295,0.244827,0.227381,63.265,90.0,0,0,0.6,10,0.615384615,13,1,0,0,1,9
EDFIG9A_HEK293T_SCD_HBB_3-5_PE3,28.517020066666664,0.180593,0.188221,0.264748,0.263343,0.140851,0.149542,0.156951,0.140472,0.165824,0.176831,65.483,95.0,0,0,0.571428571,14,0.583333333,12,1,0,0,2,12
EDFIG9A_HEK293T_SCD_HBB_3-7_PE3,39.670951933333335,0.0,0.0460061,0.490626,0.52673,0.51658,0.415416,0.0,0.0285069,0.042532900000000005,0.0478383,54.657999999999994,72.0,0,0,0.5,14,0.615384615,13,1,0,0,4,10
EDFIG9A_HEK293T_SCD_HBB_5-10_PE3,39.05972309999999,0.183908,0.26136,0.158828,0.276788,0.289347,0.301721,0.284532,0.0766976,0.0115824,0.0173444,54.657999999999994,72.0,0,0,0.5625,16,0.583333333,12,1,0,0,4,12
EDFIG9A_HEK293T_SCD_HBB_5-11_PE3,32.57580576666667,0.0,0.877927,0.905383,0.876763,0.7196950000000001,0.0,0.0432188,0.0,0.0,0.230935,54.657999999999994,72.0,0,0,0.538461538,13,0.583333333,12,1,0,0,4,9
EDFIG9A_HEK293T_SCD_HBB_5-12_PE3,38.25684123333333,0.827814,0.895312,0.885799,0.726531,0.0,0.038325,0.0,0.0,0.186333,0.20756300000000003,54.657999999999994,72.0,0,0,0.5,12,0.583333333,12,1,0,0,4,8
EDFIG9A_HEK293T_SCD_HBB_5-13_PE3,30.061098199999996,0.0,0.0478259,0.509124,0.547539,0.537928,0.433384,0.0,0.029992599999999998,0.04489590000000001,0.0478383,54.657999999999994,72.0,0,0,0.5,14,0.583333333,12,1,0,0,4,10
EDFIG9A_HEK293T_SCD_HBB_5-2_PE3,32.068183166666664,0.36073,0.426159,0.43981200000000004,0.429722,0.316544,0.156719,0.23311,0.271165,0.295615,0.292274,54.657999999999994,72.0,0,0,0.578947368,19,0.615384615,13,1,0,0,4,15
EDFIG9A_HEK293T_SCD_HBB_5-3_PE3,35.68947443333333,0.09753830000000001,0.77278,0.7882440000000001,0.0,0.244954,0.256188,0.266767,0.256603,0.0,0.0,54.657999999999994,72.0,0,0,0.588235294,17,0.615384615,13,1,0,0,4,13
EDFIG9A_HEK293T_SCD_HBB_5-4_PE3,45.74250256666667,0.17760300000000004,0.254268,0.153675,0.266166,0.277798,0.289175,0.272184,0.0732404,0.0115824,0.0173444,54.657999999999994,72.0,0,0,0.5625,16,0.615384615,13,1,0,0,4,12
EDFIG9A_HEK293T_SCD_HBB_5-5_PE3,40.321720899999995,0.0,0.879152,0.9057150000000002,0.877333,0.7198189999999999,0.0,0.0412941,0.0,0.0,0.21894899999999998,54.657999999999994,72.0,0,0,0.538461538,13,0.615384615,13,1,0,0,4,9
EDFIG9A_HEK293T_SCD_HBB_5-6_PE3,43.48849953333334,0.7983699999999999,0.861971,0.8513160000000001,0.696927,0.0,0.0364332,0.0,0.0,0.175543,0.19478000000000004,54.657999999999994,72.0,0,0,0.5,12,0.615384615,13,1,0,0,4,8
EDFIG9A_HEK293T_SCD_HBB_5-7_PE3,37.03118023333334,0.614284,0.628045,0.7364450000000001,0.7716569999999999,0.7911069999999999,0.761828,0.526586,0.350994,0.37757,0.181837,54.657999999999994,72.0,0,0,0.523809524,21,0.615384615,13,1,0,0,4,17
EDFIG9A_HEK293T_SCD_HBB_5-8_PE3,28.146275266666663,0.364474,0.431031,0.445311,0.437621,0.316561,0.156719,0.242434,0.282463,0.295615,0.292274,54.657999999999994,72.0,0,0,0.578947368,19,0.583333333,12,1,0,0,4,15
EDFIG9A_HEK293T_SCD_HBB_5-9_PE3,28.8196725,0.100866,0.772666,0.7887239999999999,0.0,0.254713,0.266822,0.278323,0.26823,0.0,0.0,54.657999999999994,72.0,0,0,0.588235294,17,0.583333333,12,1,0,0,4,13
EDFIG9B_HEXAS_1,0.058790433333333336,0.931349,0.244297,0.051485399999999994,0.0713354,0.0660492,0.0767324,0.0762899,0.030059099999999995,0.0459186,0.05190530000000001,30.568,56.0,1,0,0.357142857,14,0.615384615,13,0,4,0,5,9
EDFIG9B_HEXAS_10,2.1713744999999998,0.056237,0.315453,0.379511,0.0113115,0.0755494,0.0184189,0.0314212,0.0931188,0.097885,0.11617099999999998,30.568,56.0,1,0,0.3125,16,0.666666667,9,0,4,0,5,11
EDFIG9B_HEXAS_11,12.081851066666667,0.9951820000000001,0.0892756,0.107869,0.0949321,0.127067,0.137177,0.0394894,0.136195,0.01643,0.027538500000000004,30.568,56.0,1,0,0.368421053,19,0.666666667,9,0,4,0,5,14
EDFIG9B_HEXAS_12,19.1929784,0.9929770000000001,0.591612,0.566374,0.0763595,0.0670705,0.108977,0.117661,0.0341826,0.11913999999999998,0.0239292,30.568,56.0,1,0,0.4000000000000001,20,0.666666667,9,0,4,0,5,15
EDFIG9B_HEXAS_13,20.194026533333332,0.18859100000000004,0.19547499999999998,0.281187,0.277577,0.0658547,0.0649543,0.106442,0.114465,0.0329674,0.115051,30.568,56.0,1,0,0.380952381,21,0.666666667,9,0,4,0,5,16
EDFIG9B_HEXAS_14,22.256801533333334,0.991262,0.965192,0.9359420000000002,0.0299484,0.0663674,0.0300441,0.060130800000000005,0.08559279999999998,0.0915112,0.0399046,30.568,56.0,1,0,0.363636364,22,0.666666667,9,0,4,0,5,17
EDFIG9B_HEXAS_15,21.513562033333333,0.991219,0.965604,0.9368120000000001,0.029986,0.066747,0.030964100000000005,0.0626338,0.0893113,0.0956692,0.0399046,30.568,56.0,1,0,0.363636364,22,0.75,8,0,4,0,5,17
EDFIG9B_HEXAS_16,15.830868466666667,0.9912740000000001,0.964919,0.935353,0.029834,0.0658945,0.0292634,0.0578225,0.0821745,0.0877022,0.0399046,30.568,56.0,1,0,0.363636364,22,0.6999999999999998,10,0,4,0,5,17
EDFIG9B_HEXAS_17,11.680586966666667,0.991231,0.964257,0.934268,0.0297683,0.0655656,0.0285366,0.0556833,0.0790169,0.0841962,0.0399046,30.568,56.0,1,0,0.363636364,22,0.727272727,11,0,4,0,5,17
EDFIG9B_HEXAS_18,9.035283766666668,0.991164,0.964109,0.933824,0.0297309,0.0653049,0.0280255,0.0537031,0.0761009,0.0809654,0.0399046,30.568,56.0,1,0,0.363636364,22,0.666666667,12,0,4,0,5,17
EDFIG9B_HEXAS_19,7.088263566666668,0.991091,0.964084,0.933563,0.0296868,0.065035,0.027568400000000003,0.0518604,0.0733943,0.0779747,0.0399046,30.568,56.0,1,0,0.363636364,22,0.615384615,13,0,4,0,5,17
EDFIG9B_HEXAS_2,0.021753366666666666,0.254941,0.270565,0.0565301,0.0181421,0.0160143,0.027553000000000005,0.0324165,0.032302,0.0421384,0.05806,30.568,56.0,1,0,0.333333333,15,0.615384615,13,0,4,0,5,10
EDFIG9B_HEXAS_20,11.625686266666667,0.9910640000000001,0.96416,0.933431,0.0296459,0.0647757,0.027184200000000002,0.050136099999999996,0.0708677,0.0779747,0.0399046,30.568,56.0,1,0,0.363636364,22,0.642857143,14,0,4,0,5,17
EDFIG9B_HEXAS_21,10.958051066666668,0.991116,0.964264,0.9332759999999999,0.0296136,0.064622,0.026712300000000005,0.048519200000000005,0.0708668,0.0779747,0.0399046,30.568,56.0,1,0,0.363636364,22,0.666666667,15,0,4,0,5,17
EDFIG9B_HEXAS_22,33.46037690000001,0.816607,0.222201,0.130792,0.186177,0.121717,0.0664181,0.0833541,0.049556899999999994,0.0899281,0.0856344,30.568,56.0,1,0,0.4000000000000001,25,0.666666667,9,0,4,0,5,20
EDFIG9B_HEXAS_23,24.822864866666663,0.993971,0.241241,0.289651,0.297894,0.305653,0.274439,0.0596278,0.179034,0.0538056,0.189397,30.568,56.0,1,0,0.423076923,26,0.666666667,9,0,4,0,5,21
EDFIG9B_HEXAS_24,31.921723,0.990999,0.41500699999999996,0.387059,0.214116,0.220279,0.226104,0.203959,0.0971848,0.134576,0.123715,30.568,56.0,1,0,0.444444444,27,0.666666667,9,0,4,0,5,22
EDFIG9B_HEXAS_24_PE3B,31.359958199999998,0.990999,0.41500699999999996,0.387059,0.214116,0.220279,0.226104,0.203959,0.0971848,0.134576,0.123715,30.568,5.0,1,1,0.444444444,27,0.666666667,9,0,4,0,5,22
EDFIG9B_HEXAS_25,32.44968006666667,0.981881,0.0479115,0.347752,0.326668,0.22904899999999997,0.235584,0.241804,0.218403,0.118905,0.145797,30.568,56.0,1,0,0.464285714,28,0.666666667,9,0,4,0,5,23
EDFIG9B_HEXAS_26,30.077318399999996,0.9603420000000001,0.0899549,0.0761636,0.178948,0.20407,0.245525,0.252287,0.258738,0.239437,0.159149,30.568,56.0,1,0,0.48275862100000005,29,0.666666667,9,0,4,0,5,24
EDFIG9B_HEXAS_26_PE3B,30.72716066666667,0.9603420000000001,0.0899549,0.0761636,0.178948,0.20407,0.245525,0.252287,0.258738,0.239437,0.159149,30.568,5.0,1,1,0.48275862100000005,29,0.666666667,9,0,4,0,5,24
EDFIG9B_HEXAS_3,0.7571896333333333,0.04844869999999999,0.270929,0.323733,0.0,0.0634261,0.0150564,0.0254611,0.0761847,0.0792384,0.103263,30.568,56.0,1,0,0.3125,16,0.615384615,13,0,4,0,5,11
EDFIG9B_HEXAS_4,2.984621933333333,0.9949660000000001,0.0805702,0.0968732,0.0849006,0.10893000000000001,0.116863,0.0334158,0.114404,0.013691799999999999,0.0227494,30.568,56.0,1,0,0.368421053,19,0.615384615,13,0,4,0,5,14
EDFIG9B_HEXAS_5,5.094514366666667,0.991908,0.548276,0.522891,0.0689462,0.0603227,0.0934234,0.10023900000000001,0.029182300000000005,0.100078,0.0199579,30.568,56.0,1,0,0.4000000000000001,20,0.615384615,13,0,4,0,5,15
EDFIG9B_HEXAS_6,7.358537633333334,0.173187,0.178717,0.257727,0.253298,0.06070319999999999,0.0560225,0.0912748,0.09753479999999999,0.0329674,0.10067,30.568,56.0,1,0,0.380952381,21,0.615384615,13,0,4,0,5,16
EDFIG9B_HEXAS_7,7.4246545,0.991091,0.964084,0.933563,0.0296868,0.065035,0.027568400000000003,0.0518604,0.0733943,0.0779747,0.0399046,30.568,56.0,1,0,0.363636364,22,0.615384615,13,0,4,0,5,17
EDFIG9B_HEXAS_8,0.11921190000000001,0.9670010000000001,0.272585,0.0588576,0.0810388,0.0768485,0.0901424,0.0905815,0.0375747,0.0551034,0.0593216,30.568,56.0,1,0,0.357142857,14,0.666666667,9,0,4,0,5,9
EDFIG9B_HEXAS_9,0.08185656666666666,0.296794,0.317127,0.0666602,0.0220212,0.0195951,0.0340103,0.0404002,0.0406881,0.0500398,0.065802,30.568,56.0,1,0,0.333333333,15,0.666666667,9,0,4,0,5,10
EDFIG9B_HEXA_10,27.657568266666672,0.178941,0.18486499999999997,0.276566,0.272931,0.0819066,0.09205970000000001,0.150419,0.161762,0.027672199999999997,0.164236,30.568,56.0,0,0,0.428571429,21,0.727272727,11,0,4,0,6,15
EDFIG9B_HEXA_11,30.05920926666667,0.18315500000000004,0.189433,0.283348,0.279945,0.0841749,0.0955955,0.156429,0.168496,0.028871899999999995,0.171701,30.568,56.0,0,0,0.428571429,21,0.6999999999999998,10,0,4,0,6,15
EDFIG9B_HEXA_11_PE3B,30.942866066666667,0.18315500000000004,0.189433,0.283348,0.279945,0.0841749,0.0955955,0.156429,0.168496,0.028871899999999995,0.171701,30.568,5.0,0,1,0.428571429,21,0.6999999999999998,10,0,4,0,6,15
EDFIG9B_HEXA_12,9.7187631,0.0686485,0.267249,0.319422,0.011783999999999998,0.09078190000000001,0.0271923,0.0461344,0.110215,0.112214,0.016887,30.568,56.0,0,0,0.375,16,0.615384615,13,0,4,0,6,10
EDFIG9B_HEXA_13,17.194263233333338,0.8868,0.158322,0.108792,0.143131,0.150383,0.0191424,0.151124,0.0227108,0.0428403,0.192912,30.568,56.0,0,0,0.388888889,18,0.615384615,13,0,4,0,6,12
EDFIG9B_HEXA_14,18.366161933333334,0.9907049999999998,0.962063,0.9290949999999999,0.0319722,0.0682179,0.0393508,0.0864262,0.12233299999999998,0.130391,0.0293712,30.568,56.0,0,0,0.40909090899999995,22,0.615384615,13,0,4,0,6,16
EDFIG9B_HEXA_15,17.498577566666672,0.813672,0.203545,0.100392,0.168397,0.0936015,0.0480034,0.0596929,0.0371751,0.0653092,0.0619916,30.568,56.0,0,0,0.44,25,0.615384615,13,0,4,0,6,19
EDFIG9B_HEXA_16,20.822723933333332,0.0,0.293731,0.341356,0.339717,0.0694716,0.0717061,0.0696701,0.0770141,0.123751,0.137872,30.568,56.0,0,0,0.434782609,23,0.615384615,13,0,4,0,6,17
EDFIG9B_HEXA_17,18.393901,0.0766508,0.298553,0.358598,0.013425399999999999,0.10324300000000002,0.031742,0.0541906,0.127629,0.130924,0.0202933,30.568,56.0,0,0,0.375,16,0.6999999999999998,10,0,4,0,6,10
EDFIG9B_HEXA_18,23.1958225,0.8881830000000001,0.17106600000000002,0.12133699999999999,0.160298,0.16917400000000002,0.0216365,0.17173000000000002,0.025954600000000005,0.0492649,0.213218,30.568,56.0,0,0,0.388888889,18,0.6999999999999998,10,0,4,0,6,12
EDFIG9B_HEXA_19,23.117450566666665,0.991123,0.962968,0.930746,0.0323148,0.0693725,0.042347600000000006,0.0963566,0.136957,0.146641,0.0293712,30.568,56.0,0,0,0.40909090899999995,22,0.6999999999999998,10,0,4,0,6,16
EDFIG9B_HEXA_20,15.076233966666667,0.8258870000000001,0.214674,0.100697,0.178983,0.0920401,0.0480034,0.059717,0.0371751,0.0653092,0.0619916,30.568,56.0,0,0,0.44,25,0.6999999999999998,10,0,4,0,6,19
EDFIG9B_HEXA_21,10.692950266666665,0.888585,0.152873,0.0683502,0.089705,0.09376,0.014495299999999997,0.09236119999999999,0.012209900000000001,0.0228802,0.125421,30.568,56.0,1,0,0.333333333,18,0.666666667,15,0,4,0,6,12
EDFIG9B_HEXA_5,22.950809233333334,0.171974,0.1773,0.265512,0.261473,0.0787177,0.0857501,0.139735,0.149832,0.0255904,0.157394,30.568,56.0,0,0,0.428571429,21,0.615384615,13,0,4,0,6,15
EDFIG9B_HEXA_6,5.231486799999999,0.26013,0.276149,0.0585244,0.0324314,0.028642199999999996,0.049440000000000005,0.058168,0.0579985,0.017929,0.0492589,30.568,56.0,0,0,0.4000000000000001,15,0.615384615,13,0,4,0,6,9
EDFIG9B_HEXA_7,28.46282096666667,0.167095,0.171952,0.25788,0.253491,0.0768377,0.0802545,0.130472,0.144523,0.0246445,0.157394,30.568,56.0,0,0,0.428571429,21,0.666666667,15,0,4,0,6,15
EDFIG9B_HEXA_8,25.25515303333334,0.16937,0.174453,0.261426,0.257205,0.0778249,0.0829243,0.134966,0.144526,0.0246446,0.157394,30.568,56.0,0,0,0.428571429,21,0.642857143,14,0,4,0,6,15
EDFIG9B_HEXA_9,27.081752233333333,0.17484200000000003,0.180436,0.270018,0.266181,0.0796801,0.0887751,0.144853,0.155544,0.0265685,0.157394,30.568,56.0,0,0,0.428571429,21,0.666666667,12,0,4,0,6,15
FIG2A_PE2_EMX1_10,1.4065320666666667,0.48282,0.557048,0.641651,0.6722259999999999,0.523934,0.605965,0.713405,0.756507,0.0901299,0.699186,69.541,,1,0,0.538461538,13,0.4000000000000001,10,1,0,0,5,8
FIG2A_PE2_EMX1_11,3.350106766666667,0.490662,0.565029,0.64952,0.678932,0.522882,0.604471,0.7094489999999999,0.7497219999999999,0.0850704,0.690404,69.541,,1,0,0.538461538,13,0.45454545500000004,11,1,0,0,5,8
FIG2A_PE2_EMX1_12,5.664908466666666,0.493147,0.566913,0.650489,0.6784089999999999,0.482863,0.555705,0.650408,0.685197,0.0798955,0.623515,69.541,,1,0,0.538461538,13,0.5,12,1,0,0,5,8
FIG2A_PE2_EMX1_13,8.823519233333332,0.492718,0.565517,0.647781,0.6742560000000001,0.461979,0.530408,0.619246,0.650559,0.0758637,0.587163,69.541,,1,0,0.538461538,13,0.538461538,13,1,0,0,5,8
FIG2A_PE2_EMX1_14,9.5416234,0.476002,0.545524,0.62388,0.648247,0.442132,0.506594,0.590103,0.618393,0.0769924,0.587087,69.541,,1,0,0.538461538,13,0.5,14,1,0,0,5,8
FIG2A_PE2_EMX1_15,7.322420166666667,0.457382,0.523464,0.597761,0.620118,0.423703,0.48457100000000003,0.563283,0.618396,0.0809205,0.587087,69.541,,1,0,0.538461538,13,0.533333333,15,1,0,0,5,8
FIG2A_PE2_EMX1_16,6.3364417333333325,0.44146599999999997,0.504605,0.575431,0.596071,0.406754,0.46438,0.563283,0.618396,0.0837828,0.587087,69.541,,1,0,0.538461538,13,0.5,16,1,0,0,5,8
FIG2A_PE2_EMX1_17,1.8087060333333336,0.426758,0.48721299999999995,0.554887,0.574,0.39111,0.46438,0.563283,0.618396,0.0863358,0.587087,69.541,,1,0,0.538461538,13,0.529411765,17,1,0,0,5,8
FIG2A_PE2_EMX1_9,1.2566843333333335,0.471636,0.545267,0.62949,0.6611,0.515229,0.594987,0.702912,0.7482830000000001,0.0959218,0.693064,69.541,,1,0,0.538461538,13,0.444444444,9,1,0,0,5,8
FIG2A_PE2_FANCF_10,12.804037499999998,0.477601,0.4966,0.506064,0.0,0.0,0.53289,0.588479,0.615463,0.275739,0.289222,60.38399999999999,,1,0,0.47058823499999997,17,0.6,10,1,0,0,5,12
FIG2A_PE2_FANCF_11,12.554979166666666,0.461495,0.479196,0.487597,0.0,0.0,0.510653,0.562755,0.616559,0.30588,0.319948,60.38399999999999,,1,0,0.47058823499999997,17,0.636363636,11,1,0,0,5,12
FIG2A_PE2_FANCF_12,11.434482,0.445641,0.462143,0.469594,0.0,0.0,0.489374,0.562752,0.616559,0.333888,0.34837,60.38399999999999,,1,0,0.47058823499999997,17,0.666666667,12,1,0,0,5,12
FIG2A_PE2_FANCF_13,12.40537963333333,0.430755,0.446175,0.452793,0.0,0.0,0.489373,0.562752,0.616559,0.35951,0.374253,60.38399999999999,,1,0,0.47058823499999997,17,0.615384615,13,1,0,0,5,12
FIG2A_PE2_FANCF_14,12.9882515,0.41685599999999995,0.43129899999999993,0.437176,0.0,0.0,0.489373,0.562752,0.616559,0.382835,0.397712,60.38399999999999,,1,0,0.47058823499999997,17,0.571428571,14,1,0,0,5,12
FIG2A_PE2_FANCF_15,12.981329299999999,0.40384100000000006,0.417398,0.422615,0.0,0.0,0.489373,0.562752,0.616559,0.404245,0.41916,60.38399999999999,,1,0,0.47058823499999997,17,0.533333333,15,1,0,0,5,12
FIG2A_PE2_FANCF_16,10.644064433333334,0.391612,0.404363,0.42261599999999994,0.0,0.0,0.489373,0.562752,0.616559,0.424162,0.43904799999999994,60.38399999999999,,1,0,0.47058823499999997,17,0.5625,16,1,0,0,5,12
FIG2A_PE2_FANCF_17,6.396840399999999,0.380096,0.404364,0.42261599999999994,0.0,0.0,0.489373,0.562752,0.616559,0.44302100000000005,0.457834,60.38399999999999,,1,0,0.47058823499999997,17,0.588235294,17,1,0,0,5,12
FIG2A_PE2_FANCF_8,16.254899966666667,0.504495,0.526181,0.537905,0.0,0.0,0.573057,0.635864,0.668517,0.230739,0.243613,60.38399999999999,,1,0,0.47058823499999997,17,0.625,8,1,0,0,5,12
FIG2A_PE2_FANCF_9,15.6828113,0.489554,0.509782,0.520274,0.0,0.0,0.550892,0.609741,0.639281,0.256925,0.270322,60.38399999999999,,1,0,0.47058823499999997,17,0.555555556,9,1,0,0,5,12
FIG2A_PE2_HEK3_10,5.6207109,0.758485,0.318463,0.313277,0.281596,0.304458,0.323946,0.0,0.017934,0.09637429999999998,0.10516200000000002,63.26500000000001,,0,0,0.5,10,0.6,10,1,0,0,1,9
FIG2A_PE2_HEK3_11,7.721709466666667,0.754464,0.306844,0.301169,0.27023,0.291157,0.308584,0.0208021,0.026254299999999998,0.0976037,0.10576400000000001,63.26500000000001,,0,0,0.5,10,0.636363636,11,1,0,0,1,9
FIG2A_PE2_HEK3_12,6.086422766666666,0.755233,0.297256,0.291221,0.252086,0.27077,0.285983,0.0411054,0.0516496,0.0893081,0.0962023,63.26500000000001,,0,0,0.5,10,0.583333333,12,1,0,0,1,9
FIG2A_PE2_HEK3_13,7.785086766666667,0.754627,0.288207,0.281879,0.23930700000000002,0.256332,0.269899,0.0566544,0.0709095,0.0848431,0.0909263,63.26500000000001,,0,0,0.5,10,0.615384615,13,1,0,0,1,9
FIG2A_PE2_HEK3_14,5.476317233333333,0.7539440000000001,0.279929,0.27337,0.228104,0.243722,0.25591,0.0702164,0.08758,0.0812025,0.0866378,63.26500000000001,,0,0,0.5,10,0.642857143,14,1,0,0,1,9
FIG2A_PE2_HEK3_15,3.8065298999999997,0.753139,0.27246,0.265726,0.21849299999999997,0.232923,0.24396000000000004,0.0817494,0.10165,0.0784057,0.083327,63.26500000000001,,0,0,0.5,10,0.666666667,15,1,0,0,1,9
FIG2A_PE2_HEK3_16,3.348120533333334,0.751542,0.264356,0.25746,0.241783,0.257219,0.268811,0.0781643,0.0969233,0.0783213,0.0829493,63.26500000000001,,0,0,0.5,10,0.6875,16,1,0,0,1,9
FIG2A_PE2_HEK3_17,1.1292476333333334,0.74019,0.25902,0.25209,0.233594,0.248031,0.270249,0.0739772,0.09150189999999998,0.0968314,0.10223699999999998,63.26500000000001,,0,0,0.5,10,0.7058823530000001,17,1,0,0,1,9
FIG2A_PE2_HEK3_8,4.707455366666666,0.780825,0.35018900000000003,0.346601,0.250837,0.27348,0.29378,0.0,0.0184743,0.061051600000000004,0.0678521,63.26500000000001,,0,0,0.5,10,0.625,8,1,0,0,1,9
FIG2A_PE2_HEK3_9,5.2514333,0.768026,0.333198,0.328703,0.270635,0.293754,0.313951,0.0,0.0181165,0.0827208,0.0910159,63.26500000000001,,0,0,0.5,10,0.666666667,9,1,0,0,1,9
FIG2A_PE2_HEK4_10,2.3245355666666665,0.623787,0.6986120000000001,0.705261,0.668271,0.572339,0.22480599999999998,0.0456406,0.0550469,0.0,0.0,54.311,,0,0,0.461538462,13,0.8000000000000002,10,1,0,0,2,11
FIG2A_PE2_HEK4_11,1.9103401666666668,0.629822,0.704046,0.709975,0.6725249999999999,0.575403,0.224813,0.0456406,0.0550469,0.0,0.0,54.311,,0,0,0.461538462,13,0.8181818179999999,11,1,0,0,2,11
FIG2A_PE2_HEK4_12,1.7031735333333333,0.635412,0.70907,0.714322,0.676435,0.578214,0.224813,0.0456406,0.0550469,0.0,0.0,54.311,,0,0,0.461538462,13,0.75,12,1,0,0,2,11
FIG2A_PE2_HEK4_13,1.9714323666666669,0.640601,0.713723,0.718339,0.680036,0.580801,0.224813,0.0456406,0.0550469,0.0,0.0,54.311,,0,0,0.461538462,13,0.769230769,13,1,0,0,2,11
FIG2A_PE2_HEK4_14,1.7586389666666666,0.644466,0.716975,0.7211469999999999,0.683008,0.583287,0.224813,0.0456406,0.0550469,0.0,0.0,54.311,,0,0,0.461538462,13,0.714285714,14,1,0,0,2,11
FIG2A_PE2_HEK4_15,1.3951802666666668,0.648039,0.719968,0.723856,0.686254,0.586176,0.224813,0.0456406,0.0550469,0.0,0.0,54.311,,0,0,0.461538462,13,0.733333333,15,1,0,0,2,11
FIG2A_PE2_HEK4_7,4.827162133333332,0.628091,0.708238,0.7183069999999999,0.682249,0.587318,0.22981700000000002,0.0456406,0.0550469,0.0,0.0,54.311,,0,0,0.461538462,13,0.714285714,7,1,0,0,2,11
FIG2A_PE2_HEK4_8,6.776965233333334,0.609628,0.685704,0.693927,0.657948,0.564764,0.253505,0.0456406,0.0550469,0.0,0.0,54.311,,0,0,0.461538462,13,0.75,8,1,0,0,2,11
FIG2A_PE2_HEK4_9,4.975456533333333,0.614427,0.689545,0.6968770000000001,0.660459,0.56618,0.241969,0.0456406,0.0550469,0.0,0.0,54.311,,0,0,0.461538462,13,0.777777778,9,1,0,0,2,11
FIG2A_PE2_RNF2_10,1.2753784,0.0,0.424938,0.144476,0.223456,0.187914,0.196604,0.0269369,0.41184,0.46507799999999994,0.468474,52.23,,0,0,0.45454545500000004,11,0.3,10,1,0,0,1,10
FIG2A_PE2_RNF2_11,1.606918333333333,0.0,0.43129899999999993,0.140006,0.215935,0.179611,0.187276,0.0252381,0.432072,0.48550999999999994,0.488204,52.23,,0,0,0.45454545500000004,11,0.272727273,11,1,0,0,1,10
FIG2A_PE2_RNF2_12,1.8959346999999998,0.0,0.437614,0.136019,0.20925399999999997,0.172214,0.17902000000000004,0.023762099999999998,0.450822,0.504389,0.506339,52.23,,0,0,0.45454545500000004,11,0.333333333,12,1,0,0,1,10
FIG2A_PE2_RNF2_13,2.130170366666667,0.0,0.44327999999999995,0.132384,0.20319300000000004,0.165551,0.17162599999999997,0.022446000000000004,0.46717000000000003,0.52069,0.521829,52.23,,0,0,0.45454545500000004,11,0.307692308,13,1,0,0,1,10
FIG2A_PE2_RNF2_14,2.1031085000000003,0.0,0.448634,0.129082,0.197709,0.159532,0.164981,0.0212701,0.48200899999999997,0.535415,0.535738,52.23,,0,0,0.45454545500000004,11,0.285714286,14,1,0,0,1,10
FIG2A_PE2_RNF2_15,3.63008,0.0,0.453619,0.126062,0.192711,0.154063,0.158972,0.0202076,0.4953969999999999,0.548628,0.548137,52.23,,0,0,0.45454545500000004,11,0.333333333,15,1,0,0,1,10
FIG2A_PE2_RNF2_16,3.0223883333333337,0.0,0.458159,0.123278,0.188122,0.149069,0.153509,0.0202085,0.50733,0.56032,0.559026,52.23,,0,0,0.45454545500000004,11,0.3125,16,1,0,0,1,10
FIG2A_PE2_RNF2_17,2.1463677333333333,0.0,0.46200899999999995,0.120676,0.183852,0.144479,0.148508,0.0202085,0.517454,0.570103,0.568017,52.23,,0,0,0.45454545500000004,11,0.352941176,17,1,0,0,1,10
FIG2A_PE2_RNF2_9,0.7384738333333333,0.0,0.418024,0.149455,0.231882,0.19726199999999997,0.207182,0.028885399999999995,0.388736,0.441517,0.44544999999999996,52.23,,0,0,0.45454545500000004,11,0.333333333,9,1,0,0,1,10
FIG2B_EMX1_10,4.979897766666666,0.634561,0.664075,0.546808,0.421013,0.355693,0.475654,0.602966,0.742512,0.784665,0.8141599999999999,69.541,,0,0,0.6999999999999998,10,0.538461538,13,1,0,0,1,9
FIG2B_EMX1_11,7.554679466666668,0.529473,0.552285,0.450686,0.549627,0.6840670000000001,0.572702,0.44456200000000007,0.49058399999999996,0.6943199999999999,0.734787,69.541,,0,0,0.727272727,11,0.538461538,13,1,0,0,1,10
FIG2B_EMX1_12,7.431194933333334,0.77475,0.460877,0.48097800000000007,0.394174,0.491345,0.624442,0.522124,0.40426199999999995,0.471489,0.659419,69.541,,0,0,0.666666667,12,0.538461538,13,1,0,0,1,11
FIG2B_EMX1_13,17.159046200000002,0.576701,0.661907,0.7581859999999999,0.7896139999999999,0.630564,0.691106,0.8068079999999999,0.697791,0.558467,0.4269260000000001,69.541,,0,0,0.615384615,13,0.538461538,13,1,0,0,1,12
FIG2B_EMX1_14,15.845670466666665,0.618262,0.708851,0.7452330000000001,0.788294,0.820733,0.644994,0.697842,0.810648,0.710439,0.594108,69.541,,0,0,0.642857143,14,0.538461538,13,1,0,0,1,13
FIG2B_EMX1_15,13.154069333333332,0.626889,0.7078539999999999,0.7833609999999999,0.821339,0.865385,0.899879,0.641955,0.666619,0.775537,0.72524,69.541,,0,0,0.6,15,0.538461538,13,1,0,0,1,14
FIG2B_EMX1_16,20.036639433333335,0.674916,0.8049560000000001,0.8578449999999999,0.893729,0.9288919999999999,0.967799,0.9886399999999999,0.64988,0.654969,0.7958659999999999,69.541,,0,0,0.625,16,0.538461538,13,1,0,0,1,15
FIG2B_EMX1_17,14.758794933333332,0.8577819999999999,0.607185,0.7853980000000002,0.842083,0.877676,0.912551,0.951661,0.983358,0.626988,0.67434,69.541,,0,0,0.588235294,17,0.538461538,13,1,0,0,1,16
FIG2B_EMX1_18,17.747932066666667,0.0311341,0.140161,0.536675,0.787128,0.847864,0.8836590000000001,0.9186,0.9576189999999999,0.9840750000000001,0.593528,69.541,,0,0,0.555555556,18,0.538461538,13,1,0,0,1,17
FIG2B_EMX1_19,18.56092583333333,0.0870514,0.4270340000000001,0.381233,0.509865,0.710284,0.7964759999999999,0.853497,0.889714,0.928124,0.959934,69.541,,0,0,0.578947368,19,0.538461538,13,1,0,0,1,18
FIG2B_EMX1_20,11.592987466666667,0.8301979999999999,0.210145,0.189389,0.129543,0.36692600000000003,0.63658,0.769586,0.858135,0.898009,0.937172,69.541,,0,0,0.55,20,0.538461538,13,1,0,0,1,19
FIG2B_FANCF_10,5.286907033333333,0.95752,0.37520900000000007,0.392709,0.38204600000000005,0.0850923,0.115863,0.122166,0.4318600000000001,0.46046000000000004,0.0667757,60.38399999999999,,1,0,0.5,10,0.615384615,13,1,0,0,5,5
FIG2B_FANCF_11,10.186563,0.282142,0.420757,0.44178,0.459411,0.372881,0.18875,0.197398,0.20675199999999996,0.607595,0.648654,60.38399999999999,,1,0,0.545454545,11,0.615384615,13,1,0,0,5,6
FIG2B_FANCF_12,13.950477,0.0,0.4961360000000001,0.569652,0.363848,0.378371,0.307105,0.31126,0.325186,0.340127,0.500573,60.38399999999999,,1,0,0.5,12,0.615384615,13,1,0,0,5,7
FIG2B_FANCF_13,13.578539066666664,0.0,0.0759928,0.40273,0.426441,0.371283,0.386171,0.313437,0.282357,0.294971,0.308489,60.38399999999999,,1,0,0.461538462,13,0.615384615,13,1,0,0,5,8
FIG2B_FANCF_14,16.232800466666667,0.0,0.0140008,0.324029,0.116376,0.48638,0.510534,0.530921,0.430919,0.18077599999999996,0.188342,60.38399999999999,,1,0,0.428571429,14,0.615384615,13,1,0,0,5,9
FIG2B_FANCF_15,18.5252094,0.0,0.014637199999999998,0.0,0.399843,0.0515397,0.485118,0.512825,0.533384,0.432919,0.154692,60.38399999999999,,1,0,0.4000000000000001,15,0.615384615,13,1,0,0,5,10
FIG2B_FANCF_16,17.899129666666667,0.0126978,0.299874,0.0,0.0,0.415853,0.0442422,0.478948,0.505115,0.525408,0.426448,60.38399999999999,,1,0,0.4375,16,0.615384615,13,1,0,0,5,11
FIG2B_FANCF_17,22.615483866666665,0.430755,0.446175,0.452793,0.0,0.0,0.489373,0.562752,0.616559,0.35951,0.374253,60.38399999999999,,1,0,0.47058823499999997,17,0.615384615,13,1,0,0,5,12
FIG2B_FANCF_18,20.94456206666667,0.9181500000000001,0.4570830000000001,0.473887,0.483932,0.0,0.0458944,0.548152,0.632816,0.696526,0.184728,60.38399999999999,,1,0,0.5,18,0.615384615,13,1,0,0,5,13
FIG2B_FANCF_19,21.66297456666667,0.645531,0.562231,0.632401,0.654149,0.653011,0.0,0.0,0.69413,0.804706,0.888191,60.38399999999999,,1,0,0.47368421099999997,19,0.615384615,13,1,0,0,5,14
FIG2B_FANCF_20,19.547214466666667,0.984334,0.0,0.527898,0.592155,0.612542,0.635118,0.0,0.031065,0.6770390000000001,0.788609,60.38399999999999,,1,0,0.5,20,0.615384615,13,1,0,0,5,15
FIG2B_HEK3_10,14.645327133333334,0.754627,0.288207,0.281879,0.23930700000000002,0.256332,0.269899,0.0566544,0.0709095,0.0848431,0.0909263,63.26500000000001,,0,0,0.5,10,0.615384615,13,1,0,0,1,9
FIG2B_HEK3_11,8.683759266666668,0.994285,0.0,0.64666,0.623776,0.267633,0.285868,0.301006,0.04677610000000001,0.0733577,0.0801556,63.26500000000001,,0,0,0.545454545,11,0.615384615,13,1,0,0,1,10
FIG2B_HEK3_12,8.804775099999999,0.981103,0.43479699999999993,0.393848,0.127247,0.12654,0.36925,0.394677,0.415591,0.0490458,0.0654273,63.26500000000001,,0,0,0.583333333,12,0.615384615,13,1,0,0,1,11
FIG2B_HEK3_13,15.011195299999999,0.803937,0.0430247,0.452093,0.409667,0.133757,0.137271,0.38922799999999996,0.416172,0.43824099999999994,0.04709470000000001,63.26500000000001,,0,0,0.538461538,13,0.615384615,13,1,0,0,1,12
FIG2B_HEK3_14,12.700432566666667,0.842415,0.0,0.21908000000000002,0.143749,0.136101,0.161201,0.165549,0.484572,0.517863,0.577152,63.26500000000001,,0,0,0.5,14,0.615384615,13,1,0,0,1,13
FIG2B_HEK3_15,11.234553433333334,0.812334,0.023874500000000003,0.0388195,0.0652633,0.0998196,0.10299600000000002,0.17842,0.18329699999999996,0.541746,0.611041,63.26500000000001,,0,0,0.466666667,15,0.615384615,13,1,0,0,1,14
FIG2B_HEK3_16,3.494154933333333,0.992722,0.0779228,0.0885018,0.0798912,0.145398,0.10795300000000001,0.111373,0.190184,0.195478,0.613969,63.26500000000001,,0,0,0.5,16,0.615384615,13,1,0,0,1,15
FIG2B_HEK3_17,1.8146218333333335,0.9974919999999999,0.891217,0.892764,0.8325080000000001,0.669413,0.0598581,0.0835145,0.110585,0.177875,0.182451,63.26500000000001,,0,0,0.529411765,17,0.615384615,13,1,0,0,1,16
FIG2B_HEK3_18,6.3537441999999995,0.894695,0.0423453,0.8880849999999999,0.890283,0.8297060000000002,0.66664,0.0677659,0.08751389999999999,0.103701,0.18634800000000004,63.26500000000001,,0,0,0.5,18,0.615384615,13,1,0,0,1,17
FIG2B_HEK3_19,6.208820133333334,0.916989,0.0,0.196381,0.512411,0.532895,0.504418,0.404215,0.208565,0.0978873,0.105746,63.26500000000001,,0,0,0.47368421099999997,19,0.615384615,13,1,0,0,1,18
FIG2B_HEK3_20,1.6715119,0.995448,0.0187738,0.0324963,0.054951400000000004,0.259541,0.26766,0.280049,0.300864,0.306535,0.10416399999999999,63.26500000000001,,0,0,0.5,20,0.615384615,13,1,0,0,1,19
FIG2B_HEK4_10,12.028387033333331,0.809278,0.0608792,0.0717806,0.130976,0.152792,0.0,0.0127901,0.0105995,0.08349250000000001,0.108499,54.311,,0,0,0.4000000000000001,10,0.8181818179999999,11,1,0,0,2,8
FIG2B_HEK4_11,8.857424133333332,0.803836,0.110327,0.138826,0.158951,0.181524,0.210504,0.0,0.013429000000000002,0.0194161,0.0828627,54.311,,0,0,0.363636364,11,0.8181818179999999,11,1,0,0,2,9
FIG2B_HEK4_12,3.2584873999999995,0.992986,0.11991599999999998,0.164145,0.193047,0.221156,0.252626,0.294288,0.0,0.0164726,0.0,54.311,,0,0,0.41666666700000005,12,0.8181818179999999,11,1,0,0,2,10
FIG2B_HEK4_13,5.792761566666666,0.629822,0.704046,0.709975,0.6725249999999999,0.575403,0.224813,0.0456406,0.0550469,0.0,0.0,54.311,,0,0,0.461538462,13,0.8181818179999999,11,1,0,0,2,11
FIG2B_HEK4_14,1.8254531666666667,0.999768,0.972366,0.9967929999999999,0.9810440000000001,0.937497,0.8067860000000001,0.030073599999999995,0.0327951,0.03459,0.0,54.311,,0,0,0.5,14,0.8181818179999999,11,1,0,0,2,12
FIG2B_HEK4_15,3.1180294333333336,0.49363399999999996,0.524433,0.816113,0.8572640000000001,0.85125,0.8093559999999999,0.6932709999999999,0.133277,0.027458,0.0325619,54.311,,0,0,0.533333333,15,0.8181818179999999,11,1,0,0,2,13
FIG2B_HEK4_16,3.6928546666666664,0.448888,0.213502,0.479511,0.703566,0.745778,0.745698,0.706252,0.601497,0.23932,0.0465142,54.311,,0,0,0.5,16,0.8181818179999999,11,1,0,0,2,14
FIG2B_HEK4_17,1.4025956333333331,0.9477379999999999,0.0,0.112176,0.054237200000000006,0.36911200000000005,0.403677,0.440414,0.476145,0.510282,0.487312,54.311,,0,0,0.529411765,17,0.8181818179999999,11,1,0,0,2,15
FIG2B_HEK4_18,2.445376333333334,0.547989,0.095872,0.0864136,0.162499,0.366485,0.517688,0.541616,0.548793,0.519137,0.460372,54.311,,0,0,0.5,18,0.8181818179999999,11,1,0,0,2,16
FIG2B_HEK4_19,3.3365914333333335,0.0606325,0.0614022,0.0818027,0.0801007,0.188283,0.425945,0.446285,0.46617900000000007,0.466717,0.455493,54.311,,0,0,0.526315789,19,0.8181818179999999,11,1,0,0,2,17
FIG2B_HEK4_20,3.5987783999999996,0.809278,0.0608792,0.0717806,0.130976,0.152792,0.0,0.0127901,0.0105995,0.08349250000000001,0.108499,54.311,,0,0,0.4000000000000001,10,0.8181818179999999,11,1,0,0,2,8
FIG2B_HEK4_7,11.221318066666667,0.41907500000000003,0.45561999999999997,0.05078649999999999,0.0199712,0.0,0.0877023,0.113734,0.125608,0.0310042,0.0320141,54.311,,0,0,0.571428571,7,0.8181818179999999,11,1,0,0,2,5
FIG2B_HEK4_8,10.584210599999999,0.0,0.438839,0.537187,0.0,0.0,0.0,0.0891077,0.11559000000000001,0.12767,0.0332757,54.311,,0,0,0.5,8,0.8181818179999999,11,1,0,0,2,6
FIG2B_HEK4_9,10.067322933333333,0.942437,0.610603,0.10504399999999998,0.208568,0.0,0.0,0.0188115,0.0853135,0.111243,0.123048,54.311,,0,0,0.444444444,9,0.8181818179999999,11,1,0,0,2,7
FIG2B_RNF2_10,6.623650100000001,0.0102369,0.42472899999999997,0.51492,0.290801,0.299088,0.0117781,0.42008699999999993,0.468961,0.472434,0.211021,52.23,,0,0,0.4000000000000001,10,0.333333333,15,1,0,0,1,9
FIG2B_RNF2_11,6.9896050333333335,0.0,0.453619,0.126062,0.192711,0.154063,0.158972,0.0202076,0.4953969999999999,0.548628,0.548137,52.23,,0,0,0.45454545500000004,11,0.333333333,15,1,0,0,1,10
FIG2B_RNF2_12,5.046057500000001,0.997537,0.559683,0.0,0.0338396,0.0506609,0.0,0.0352735,0.03925,0.40147700000000003,0.443573,52.23,,0,0,0.5,12,0.333333333,15,1,0,0,1,11
FIG2B_RNF2_13,9.090169466666666,0.405851,0.434974,0.18846700000000002,0.0,0.189477,0.207534,0.0393367,0.247267,0.275046,0.281954,52.23,,0,0,0.461538462,13,0.333333333,15,1,0,0,1,12
FIG2B_RNF2_14,11.226170499999998,0.257855,0.413246,0.498761,0.345037,0.0,0.33771600000000007,0.368911,0.0609921,0.431227,0.482303,52.23,,0,0,0.428571429,14,0.333333333,15,1,0,0,1,13
FIG2B_RNF2_15,4.728352366666667,0.99836,0.499946,0.316235,0.336969,0.34340600000000004,0.0,0.340906,0.372449,0.0656228,0.468056,52.23,,0,0,0.466666667,15,0.333333333,15,1,0,0,1,14
FIG2B_RNF2_16,7.9873087,0.216834,0.395116,0.303279,0.381909,0.405105,0.412755,0.011321199999999998,0.407359,0.445,0.0809906,52.23,,0,0,0.4375,16,0.333333333,15,1,0,0,1,15
FIG2B_RNF2_17,4.464962033333333,0.992108,0.971045,0.9738000000000001,0.330495,0.396052,0.420231,0.428183,0.0119699,0.420299,0.479964,52.23,,0,0,0.411764706,17,0.333333333,15,1,0,0,1,16
FIG2B_RNF2_18,5.708599666666666,0.6889980000000001,0.182794,0.374995,0.399494,0.34489300000000006,0.426375,0.451783,0.460309,0.0127973,0.466354,52.23,,0,0,0.388888889,18,0.333333333,15,1,0,0,1,17
FIG2B_RNF2_19,4.701689,0.0,0.0,0.0943368,0.129815,0.137114,0.316688,0.394496,0.41785999999999995,0.425905,0.012278699999999998,52.23,,0,0,0.42105263200000004,19,0.333333333,15,1,0,0,1,18
FIG2B_RNF2_20,4.380848633333334,0.0669505,0.0553053,0.0696362,0.0628439,0.0632481,0.0661297,0.33648000000000006,0.418585,0.442642,0.469312,52.23,,0,0,0.4000000000000001,20,0.333333333,15,1,0,0,1,19
FIG3B_EMX1_+14,26.996125499999994,0.457382,0.523464,0.597761,0.620118,0.423703,0.48457100000000003,0.563283,0.618396,0.0809205,0.587087,69.541,14.0,1,0,0.538461538,13,0.533333333,15,1,0,0,5,8
FIG3B_EMX1_+27,19.5370907,0.457382,0.523464,0.597761,0.620118,0.423703,0.48457100000000003,0.563283,0.618396,0.0809205,0.587087,69.541,27.0,1,0,0.538461538,13,0.533333333,15,1,0,0,5,8
FIG3B_EMX1_+53,28.625434100000003,0.457382,0.523464,0.597761,0.620118,0.423703,0.48457100000000003,0.563283,0.618396,0.0809205,0.587087,69.541,53.0,1,0,0.538461538,13,0.533333333,15,1,0,0,5,8
FIG3B_EMX1_+80,31.483564200000004,0.457382,0.523464,0.597761,0.620118,0.423703,0.48457100000000003,0.563283,0.618396,0.0809205,0.587087,69.541,80.0,1,0,0.538461538,13,0.533333333,15,1,0,0,5,8
FIG3B_EMX1_-116,26.342573766666668,0.457382,0.523464,0.597761,0.620118,0.423703,0.48457100000000003,0.563283,0.618396,0.0809205,0.587087,69.541,-116.0,1,0,0.538461538,13,0.533333333,15,1,0,0,5,8
FIG3B_EMX1_-57,39.359368166666655,0.457382,0.523464,0.597761,0.620118,0.423703,0.48457100000000003,0.563283,0.618396,0.0809205,0.587087,69.541,-57.0,1,0,0.538461538,13,0.533333333,15,1,0,0,5,8
FIG3B_EMX1_NONE,13.185935133333334,0.457382,0.523464,0.597761,0.620118,0.423703,0.48457100000000003,0.563283,0.618396,0.0809205,0.587087,69.541,,1,0,0.538461538,13,0.533333333,15,1,0,0,5,8
FIG3B_FANCF_+21,39.56118756666667,0.40384100000000006,0.417398,0.422615,0.0,0.0,0.489373,0.562752,0.616559,0.404245,0.41916,60.38399999999999,21.0,1,0,0.47058823499999997,17,0.533333333,15,1,0,0,5,12
FIG3B_FANCF_+48,59.720862066666655,0.40384100000000006,0.417398,0.422615,0.0,0.0,0.489373,0.562752,0.616559,0.404245,0.41916,60.38399999999999,48.0,1,0,0.47058823499999997,17,0.533333333,15,1,0,0,5,12
FIG3B_FANCF_-17,36.8151848,0.40384100000000006,0.417398,0.422615,0.0,0.0,0.489373,0.562752,0.616559,0.404245,0.41916,60.38399999999999,-17.0,1,0,0.47058823499999997,17,0.533333333,15,1,0,0,5,12
FIG3B_FANCF_-27,34.79504496666667,0.40384100000000006,0.417398,0.422615,0.0,0.0,0.489373,0.562752,0.616559,0.404245,0.41916,60.38399999999999,-27.0,1,0,0.47058823499999997,17,0.533333333,15,1,0,0,5,12
FIG3B_FANCF_-50,42.263717933333325,0.40384100000000006,0.417398,0.422615,0.0,0.0,0.489373,0.562752,0.616559,0.404245,0.41916,60.38399999999999,-50.0,1,0,0.47058823499999997,17,0.533333333,15,1,0,0,5,12
FIG3B_FANCF_-78,32.560772033333336,0.40384100000000006,0.417398,0.422615,0.0,0.0,0.489373,0.562752,0.616559,0.404245,0.41916,60.38399999999999,-78.0,1,0,0.47058823499999997,17,0.533333333,15,1,0,0,5,12
FIG3B_FANCF_NONE,24.428308333333334,0.40384100000000006,0.417398,0.422615,0.0,0.0,0.489373,0.562752,0.616559,0.404245,0.41916,60.38399999999999,,1,0,0.47058823499999997,17,0.533333333,15,1,0,0,5,12
FIG3B_HEK3_+26,43.55065376666666,0.7897250000000001,0.269945,0.263465,0.0875384,0.0859875,0.04947569999999999,0.346241,0.44153100000000006,0.48608199999999996,0.523403,63.26500000000001,26.0,0,0,0.5,10,0.615384615,13,1,0,0,2,8
FIG3B_HEK3_+37,24.2602825,0.7897250000000001,0.269945,0.263465,0.0875384,0.0859875,0.04947569999999999,0.346241,0.44153100000000006,0.48608199999999996,0.523403,63.26500000000001,37.0,0,0,0.5,10,0.615384615,13,1,0,0,2,8
FIG3B_HEK3_+63,33.8312104,0.7897250000000001,0.269945,0.263465,0.0875384,0.0859875,0.04947569999999999,0.346241,0.44153100000000006,0.48608199999999996,0.523403,63.26500000000001,63.0,0,0,0.5,10,0.615384615,13,1,0,0,2,8
FIG3B_HEK3_+90,46.809501733333335,0.7897250000000001,0.269945,0.263465,0.0875384,0.0859875,0.04947569999999999,0.346241,0.44153100000000006,0.48608199999999996,0.523403,63.26500000000001,90.0,0,0,0.5,10,0.615384615,13,1,0,0,2,8
FIG3B_HEK3_-108,25.76990076666667,0.7897250000000001,0.269945,0.263465,0.0875384,0.0859875,0.04947569999999999,0.346241,0.44153100000000006,0.48608199999999996,0.523403,63.26500000000001,-108.0,0,0,0.5,10,0.615384615,13,1,0,0,2,8
FIG3B_HEK3_-38,30.920298166666665,0.7897250000000001,0.269945,0.263465,0.0875384,0.0859875,0.04947569999999999,0.346241,0.44153100000000006,0.48608199999999996,0.523403,63.26500000000001,-38.0,0,0,0.5,10,0.615384615,13,1,0,0,2,8
FIG3B_HEK3_NONE,24.558211466666666,0.7897250000000001,0.269945,0.263465,0.0875384,0.0859875,0.04947569999999999,0.346241,0.44153100000000006,0.48608199999999996,0.523403,63.26500000000001,,0,0,0.5,10,0.615384615,13,1,0,0,2,8
FIG3B_HEK4_+52,21.715877933333335,0.8104400000000002,0.0608795,0.0717806,0.146022,0.171623,0.0,0.0147778,0.0110007,0.0395002,0.052118,54.311,52.0,0,0,0.4000000000000001,10,0.777777778,9,1,0,0,2,8
FIG3B_HEK4_+74,25.906807633333333,0.8104400000000002,0.0608795,0.0717806,0.146022,0.171623,0.0,0.0147778,0.0110007,0.0395002,0.052118,54.311,74.0,0,0,0.4000000000000001,10,0.777777778,9,1,0,0,2,8
FIG3B_HEK4_-26,21.0766664,0.8104400000000002,0.0608795,0.0717806,0.146022,0.171623,0.0,0.0147778,0.0110007,0.0395002,0.052118,54.311,-26.0,0,0,0.4000000000000001,10,0.777777778,9,1,0,0,2,8
FIG3B_HEK4_-52,14.4162227,0.8104400000000002,0.0608795,0.0717806,0.146022,0.171623,0.0,0.0147778,0.0110007,0.0395002,0.052118,54.311,-52.0,0,0,0.4000000000000001,10,0.777777778,9,1,0,0,2,8
FIG3B_HEK4_-95,16.058017733333333,0.8104400000000002,0.0608795,0.0717806,0.146022,0.171623,0.0,0.0147778,0.0110007,0.0395002,0.052118,54.311,-95.0,0,0,0.4000000000000001,10,0.777777778,9,1,0,0,2,8
FIG3B_HEK4_NONE,15.675420266666665,0.8104400000000002,0.0608795,0.0717806,0.146022,0.171623,0.0,0.0147778,0.0110007,0.0395002,0.052118,54.311,,0,0,0.4000000000000001,10,0.777777778,9,1,0,0,2,8
FIG3B_RNF2_+41,44.5358407,0.257855,0.413246,0.498761,0.345037,0.0,0.33771600000000007,0.368911,0.0609921,0.431227,0.482303,52.23,41.0,0,0,0.428571429,14,0.333333333,15,1,0,0,1,13
FIG3B_RNF2_+67,19.415531666666666,0.257855,0.413246,0.498761,0.345037,0.0,0.33771600000000007,0.368911,0.0609921,0.431227,0.482303,52.23,67.0,0,0,0.428571429,14,0.333333333,15,1,0,0,1,13
FIG3B_RNF2_NONE,9.691017266666666,0.257855,0.413246,0.498761,0.345037,0.0,0.33771600000000007,0.368911,0.0609921,0.431227,0.482303,52.23,,0,0,0.428571429,14,0.333333333,15,1,0,0,1,13
FIG3C_FANCF_5GT_PE2,24.680518466666665,0.430755,0.446175,0.452793,0.0,0.0,0.489373,0.562752,0.616559,0.35951,0.374253,60.38399999999999,,1,0,0.47058823499999997,17,0.615384615,13,1,0,0,5,12
FIG3C_FANCF_5GT_PE3,59.127744433333326,0.430755,0.446175,0.452793,0.0,0.0,0.489373,0.562752,0.616559,0.35951,0.374253,60.38399999999999,48.0,1,0,0.47058823499999997,17,0.615384615,13,1,0,0,5,12
FIG3C_FANCF_5GT_PE3B,40.57479573333333,0.430755,0.446175,0.452793,0.0,0.0,0.489373,0.562752,0.616559,0.35951,0.374253,60.38399999999999,7.0,1,1,0.47058823499999997,17,0.615384615,13,1,0,0,5,12
FIG3C_FANCF_7AC_PE2,8.052859966666666,0.48989900000000003,0.506833,0.46618,0.0,0.0,0.328125,0.376821,0.412474,0.131089,0.39157100000000006,60.38399999999999,,0,0,0.588235294,17,0.571428571,14,1,0,0,7,10
FIG3C_FANCF_7AC_PE3,28.721216266666666,0.48989900000000003,0.506833,0.46618,0.0,0.0,0.328125,0.376821,0.412474,0.131089,0.39157100000000006,60.38399999999999,48.0,0,0,0.588235294,17,0.571428571,14,1,0,0,7,10
FIG3C_FANCF_7AC_PE3B,24.93289053333333,0.48989900000000003,0.506833,0.46618,0.0,0.0,0.328125,0.376821,0.412474,0.131089,0.39157100000000006,60.38399999999999,7.0,0,1,0.588235294,17,0.571428571,14,1,0,0,7,10
FIG3C_RNF2_4AC_PE2,10.0802914,0.10587799999999999,0.454423,0.548299,0.142065,0.0,0.126629,0.138079,0.0293389,0.0758897,0.08471279999999999,52.23,,0,0,0.571428571,14,0.333333333,15,1,0,0,4,10
FIG3C_RNF2_4AC_PE3,32.1997743,0.10587799999999999,0.454423,0.548299,0.142065,0.0,0.126629,0.138079,0.0293389,0.0758897,0.08471279999999999,52.23,41.0,0,0,0.571428571,14,0.333333333,15,1,0,0,4,10
FIG3C_RNF2_4AC_PE3B,41.9067201,0.10587799999999999,0.454423,0.548299,0.142065,0.0,0.126629,0.138079,0.0293389,0.0758897,0.08471279999999999,52.23,5.0,0,1,0.571428571,14,0.333333333,15,1,0,0,4,10
FIG3C_RNF2_4AG_PE2,6.571361733333332,0.15931,0.45334199999999997,0.547147,0.213651,0.0,0.194766,0.212252,0.0275803,0.0433132,0.04812940000000001,52.23,,0,0,0.571428571,14,0.333333333,15,1,0,0,4,10
FIG3C_RNF2_4AG_PE3,27.26095623333333,0.15931,0.45334199999999997,0.547147,0.213651,0.0,0.194766,0.212252,0.0275803,0.0433132,0.04812940000000001,52.23,41.0,0,0,0.571428571,14,0.333333333,15,1,0,0,4,10
FIG3C_RNF2_4AG_PE3B,38.575131033333335,0.15931,0.45334199999999997,0.547147,0.213651,0.0,0.194766,0.212252,0.0275803,0.0433132,0.04812940000000001,52.23,5.0,0,1,0.571428571,14,0.333333333,15,1,0,0,4,10
FIG4A_HEK3_1TA,38.849239833333336,0.754627,0.288207,0.281879,0.23930700000000002,0.256332,0.269899,0.0566544,0.0709095,0.0848431,0.0909263,63.26500000000001,90.0,0,0,0.5,10,0.615384615,13,1,0,0,1,9
FIG4A_HEK3_1TC,44.8965004,0.79797,0.30668,0.298299,0.15248,0.163328,0.17199700000000004,0.051262300000000004,0.061624099999999994,0.0544434,0.271736,63.26500000000001,90.0,0,0,0.6,10,0.615384615,13,1,0,0,1,9
FIG4A_HEK3_1TG,44.577186866666665,0.7947729999999998,0.284468,0.277751,0.291675,0.312424,0.329015,0.0184348,0.0228877,0.0105403,0.0,63.26500000000001,90.0,0,0,0.6,10,0.615384615,13,1,0,0,1,9
FIG4A_HEK3_2GA,38.58834913333333,0.788528,0.278468,0.272045,0.247325,0.264921,0.278895,0.0719475,0.0794943,0.0731873,0.268043,63.26500000000001,90.0,0,0,0.4000000000000001,10,0.615384615,13,1,0,0,2,8
FIG4A_HEK3_2GC,36.04265933333333,0.7897250000000001,0.269945,0.263465,0.0875384,0.0859875,0.04947569999999999,0.346241,0.44153100000000006,0.48608199999999996,0.523403,63.26500000000001,90.0,0,0,0.5,10,0.615384615,13,1,0,0,2,8
FIG4A_HEK3_2GT,34.708847399999996,0.790256,0.26964,0.263156,0.10434499999999998,0.0855578,0.06183360000000001,0.44092400000000004,0.562599,0.611793,0.658288,63.26500000000001,90.0,0,0,0.4000000000000001,10,0.615384615,13,1,0,0,2,8
FIG4A_HEK3_3AC,45.7985139,0.794663,0.277289,0.270538,0.280266,0.300207,0.31621,0.0134202,0.0149849,0.0159211,0.187616,63.26500000000001,90.0,0,0,0.6,10,0.615384615,13,1,0,0,3,7
FIG4A_HEK3_3AG,43.780027233333335,0.765098,0.266983,0.260326,0.21274099999999999,0.22787,0.239765,0.04254260000000001,0.0446904,0.0151757,0.245127,63.26500000000001,90.0,0,0,0.6,10,0.615384615,13,1,0,0,3,7
FIG4A_HEK3_3AT,36.88709686666667,0.792643,0.281373,0.274493,0.199143,0.21331200000000003,0.224669,0.061661600000000004,0.0709189,0.0750466,0.24068900000000001,63.26500000000001,90.0,0,0,0.5,10,0.615384615,13,1,0,0,3,7
FIG4A_HEK3_4TA,29.98899636666667,0.8018709999999999,0.295483,0.29252,0.39402700000000007,0.42206800000000005,0.445452,0.45664599999999994,0.36930099999999993,0.190966,0.151136,63.26500000000001,90.0,0,0,0.5,10,0.615384615,13,1,0,0,4,6
FIG4A_HEK3_4TC,37.50328723333333,0.8106269999999999,0.380171,0.377778,0.117286,0.125629,0.132295,0.0502359,0.2295,0.244827,0.22738099999999997,63.26500000000001,90.0,0,0,0.6,10,0.615384615,13,1,0,0,4,6
FIG4A_HEK3_4TG,45.46394843333334,0.801618,0.341488,0.337131,0.12283099999999998,0.129168,0.133202,0.0310802,0.130395,0.144044,0.246977,63.26500000000001,90.0,0,0,0.6,10,0.615384615,13,1,0,0,4,6
FIG4A_HEK3_5GA,39.222512699999996,0.784574,0.20443599999999998,0.20091099999999998,0.39128,0.435192,0.423567,0.422259,0.571386,0.269959,0.262637,63.26500000000001,90.0,1,0,0.4000000000000001,10,0.615384615,13,1,0,0,5,5
FIG4A_HEK3_5GC,50.50330413333334,0.8024809999999999,0.268003,0.261949,0.124354,0.137979,0.433721,0.460165,0.460893,0.0353999,0.540093,63.26500000000001,90.0,1,0,0.5,10,0.615384615,13,1,0,0,5,5
FIG4A_HEK3_5GT,43.68546776666666,0.798629,0.328408,0.324096,0.152819,0.169655,0.0,0.0567657,0.136903,0.151407,0.27156,63.26500000000001,90.0,1,0,0.4000000000000001,10,0.615384615,13,1,0,0,5,5
FIG4A_HEK3_6GA,40.73069726666667,0.80801,0.442312,0.436054,0.05227590000000001,0.0566282,0.0636613,0.055758300000000004,0.1795,0.198025,0.310362,63.26500000000001,90.0,1,0,0.4000000000000001,10,0.615384615,13,1,0,0,6,4
FIG4A_HEK3_6GC,42.3024343,0.808536,0.27443,0.26773,0.168883,0.177941,0.186801,0.031687,0.0394938,0.0308094,0.150768,63.26500000000001,90.0,1,0,0.5,10,0.615384615,13,1,0,0,6,4
FIG4A_HEK3_6GT,36.138478899999996,0.808234,0.338126,0.331961,0.137665,0.134777,0.119599,0.0219549,0.09414079999999998,0.10371000000000001,0.263787,63.26500000000001,90.0,1,0,0.4000000000000001,10,0.615384615,13,1,0,0,6,4
FIG4A_HEK3_7CA,18.337449333333332,0.831103,0.55316,0.562399,0.466094,0.0163827,0.0157804,0.048875499999999995,0.21446,0.239924,0.300325,63.26500000000001,90.0,0,0,0.4000000000000001,10,0.615384615,13,1,0,0,7,3
FIG4A_HEK3_7CG,30.397316366666665,0.751469,0.252011,0.234618,0.0475313,0.0527679,0.0585437,0.0590891,0.131462,0.14615,0.335137,63.26500000000001,90.0,0,0,0.5,10,0.615384615,13,1,0,0,7,3
FIG4A_HEK3_7CT,28.856439433333335,0.768835,0.291713,0.281735,0.10143799999999999,0.111759,0.0130818,0.0571004,0.119386,0.132639,0.326104,63.26500000000001,90.0,0,0,0.4000000000000001,10,0.615384615,13,1,0,0,7,3
FIG4A_HEK3_8AC,25.646591800000003,0.548257,0.235714,0.2469,0.258637,0.265324,0.279388,0.0380361,0.0498479,0.156111,0.218822,63.26500000000001,90.0,0,0,0.6,10,0.615384615,13,1,0,0,8,2
FIG4A_HEK3_8AG,32.84503276666666,0.689485,0.08679549999999998,0.236507,0.23887099999999997,0.252799,0.172413,0.0416945,0.119127,0.132258,0.24884399999999998,63.26500000000001,90.0,0,0,0.6,10,0.615384615,13,1,0,0,8,2
FIG4A_HEK3_8AT,26.15320283333333,0.638117,0.225693,0.314228,0.36393499999999995,0.383265,0.40359300000000004,0.0402604,0.0472817,0.0292914,0.217426,63.26500000000001,90.0,0,0,0.5,10,0.615384615,13,1,0,0,8,2
FIG4B_HEK3_12GC,47.73244126666666,0.749555,0.139557,0.148554,0.13501,0.164163,0.175943,0.163009,0.123487,0.156569,0.171494,63.26500000000001,90.0,0,0,0.558823529,34,0.615384615,13,1,0,0,12,22
FIG4B_HEK3_14AT,38.62433213333333,0.761606,0.114707,0.12214399999999999,0.0985603,0.08638050000000001,0.0926365,0.0895104,0.118871,0.15091,0.166805,63.26500000000001,90.0,0,0,0.558823529,34,0.615384615,13,1,0,0,14,20
FIG4B_HEK3_17GC,57.79510103333333,0.771855,0.0890859,0.0734236,0.0738997,0.09284569999999999,0.108406,0.11254199999999999,0.240634,0.289446,0.312397,63.26500000000001,90.0,0,0,0.558823529,34,0.615384615,13,1,0,0,17,17
FIG4B_HEK3_1TA,39.18052386666667,0.665587,0.09150200000000001,0.09734530000000001,0.0917368,0.0850227,0.0911812,0.0881772,0.118703,0.1507,0.166574,63.26500000000001,90.0,0,0,0.558823529,34,0.615384615,13,1,0,0,1,33
FIG4B_HEK3_20GC,49.31112133333333,0.787708,0.21267500000000003,0.226525,0.219437,0.20739,0.22235400000000002,0.211511,0.317361,0.402739,0.444755,63.26500000000001,90.0,0,0,0.558823529,34,0.615384615,13,1,0,0,20,14
FIG4B_HEK3_23CG,36.85410173333333,0.77537,0.130169,0.138511,0.130315,0.10564,0.113302,0.110632,0.17503900000000003,0.222222,0.24588200000000002,63.26500000000001,90.0,0,0,0.558823529,34,0.615384615,13,1,0,0,23,11
FIG4B_HEK3_24TA,38.829645799999994,0.778199,0.09350750000000001,0.0994577,0.08897910000000002,0.184945,0.197898,0.125159,0.12033900000000002,0.152782,0.206566,63.26500000000001,90.0,0,0,0.558823529,34,0.615384615,13,1,0,0,24,10
FIG4B_HEK3_26CG,39.82553743333333,0.712377,0.0776861,0.0488695,0.0486745,0.0714806,0.0766713,0.0664902,0.0435894,0.0513575,0.0574566,63.26500000000001,90.0,0,0,0.558823529,34,0.615384615,13,1,0,0,26,8
FIG4B_HEK3_30CG,42.66325926666667,0.783789,0.684114,0.729578,0.774676,0.821577,0.0700157,0.0679575,0.502654,0.590969,0.644972,63.26500000000001,90.0,0,0,0.558823529,34,0.615384615,13,1,0,0,30,4
FIG4B_HEK3_33CG,20.8751469,0.610718,0.12127700000000001,0.126856,0.133029,0.137484,0.10077799999999999,0.10541099999999999,0.16897400000000004,0.206769,0.223096,63.26500000000001,90.0,0,0,0.558823529,34,0.615384615,13,1,0,0,33,1
FIG4C_RNF2_1CA,45.61048286666667,0.257855,0.413246,0.498761,0.345037,0.0,0.33771600000000007,0.368911,0.0609921,0.431227,0.482303,52.23,41.0,0,0,0.428571429,14,0.333333333,15,1,0,0,1,13
FIG4C_RNF2_1CG,50.406737533333335,0.254212,0.390318,0.4709999999999999,0.340184,0.0,0.332571,0.363278,0.0593415,0.418499,0.46801,52.23,41.0,0,0,0.5,14,0.333333333,15,1,0,0,1,13
FIG4C_RNF2_1CT,46.2124575,0.0867042,0.607679,0.734064,0.116056,0.0,0.108472,0.11847,0.0525332,0.12449,0.139218,52.23,41.0,0,0,0.428571429,14,0.333333333,15,1,0,0,1,13
FIG4C_RNF2_2TA,45.25386090000001,0.136595,0.463495,0.559422,0.18211600000000003,0.026365199999999995,0.16164,0.173682,0.0480056,0.171474,0.191746,52.23,41.0,0,0,0.5,14,0.333333333,15,1,0,0,2,12
FIG4C_RNF2_2TG,45.74219463333334,0.18334799999999998,0.40541199999999994,0.48913,0.24554299999999998,0.0,0.234954,0.256534,0.0367409,0.253544,0.283535,52.23,41.0,0,0,0.571428571,14,0.333333333,15,1,0,0,2,12
FIG4C_RNF2_3GC,33.32789103333334,0.202847,0.42761,0.516058,0.271459,0.0,0.263937,0.288272,0.0465227,0.329985,0.369119,52.23,41.0,0,0,0.5,14,0.333333333,15,1,0,0,3,11
FIG4C_RNF2_4AC,31.025112566666667,0.10587799999999999,0.454423,0.548299,0.142065,0.0,0.126629,0.138079,0.0293389,0.0758897,0.08471279999999999,52.23,41.0,0,0,0.571428571,14,0.333333333,15,1,0,0,4,10
FIG4C_RNF2_4AG,26.9651436,0.15931,0.45334199999999997,0.547147,0.213651,0.0,0.194766,0.212252,0.0275803,0.0433132,0.04812940000000001,52.23,41.0,0,0,0.571428571,14,0.333333333,15,1,0,0,4,10
FIG4C_RNF2_4AT,30.523953066666664,0.131709,0.474921,0.573272,0.176532,0.0,0.161392,0.176221,0.026529399999999998,0.136987,0.152943,52.23,41.0,0,0,0.5,14,0.333333333,15,1,0,0,4,10
FIG4C_RNF2_5GT,52.9883694,0.0341711,0.626264,0.756501,0.0458941,0.0,0.0337961,0.0495229,0.0518207,0.194241,0.198412,52.23,41.0,1,0,0.428571429,14,0.333333333,15,1,0,0,5,9
FIG4C_RNF2_6GA,56.16066883333334,0.0359582,0.627058,0.7573690000000001,0.0482289,0.0,0.0372378,0.0405982,0.0319701,0.0591369,0.0641819,52.23,41.0,1,0,0.428571429,14,0.333333333,15,1,0,0,6,8
FIG4C_RNF2_7TC,16.922016866666667,0.336338,0.416866,0.441702,0.450917,0.0,0.43377,0.46559100000000003,0.553838,0.617946,0.689981,52.23,41.0,0,0,0.571428571,14,0.333333333,15,1,0,0,7,7
FIG4D_RUNX1_RUNX1_1CA,4.9528829666666665,0.912807,0.280705,0.0117823,0.317767,0.304229,0.0688361,0.0682191,0.517276,0.658089,0.7315109999999999,57.854000000000006,38.0,0,0,0.466666667,15,0.4000000000000001,15,1,0,0,1,14
FIG4D_RUNX1_RUNX1_1CG,16.010274733333333,0.913239,0.280944,0.0146989,0.318232,0.304736,0.0677137,0.0671085,0.508871,0.647397,0.719649,57.854000000000006,38.0,0,0,0.533333333,15,0.4000000000000001,15,1,0,0,1,14
FIG4D_RUNX1_RUNX1_1CT,14.315577,0.91105,0.279894,0.0233375,0.316963,0.303432,0.0645042,0.063929,0.485149,0.617218,0.686162,57.854000000000006,38.0,0,0,0.466666667,15,0.4000000000000001,15,1,0,0,1,14
FIG4D_RUNX1_RUNX1_2GA,20.5911218,0.913799,0.279314,0.152508,0.318885,0.305413,0.0310665,0.030789300000000002,0.23371299999999998,0.297336,0.330586,57.854000000000006,38.0,0,0,0.466666667,15,0.4000000000000001,15,1,0,0,2,13
FIG4D_RUNX1_RUNX1_3AC,28.708486999999998,0.8717859999999998,0.269711,0.146816,0.30278,0.289674,0.0245957,0.0242959,0.18175299999999997,0.23122999999999996,0.257088,57.854000000000006,38.0,0,0,0.6,15,0.4000000000000001,15,1,0,0,3,12
FIG4D_RUNX1_RUNX1_3AG,27.1947938,0.897223,0.276542,0.157466,0.315856,0.302499,0.027911599999999998,0.027662499999999996,0.209911,0.267054,0.296912,57.854000000000006,38.0,0,0,0.6,15,0.4000000000000001,15,1,0,0,3,12
FIG4D_RUNX1_RUNX1_3AT,25.4652194,0.913966,0.279238,0.16206,0.318848,0.305313,0.0286035,0.028348,0.21519600000000003,0.273778,0.304394,57.854000000000006,38.0,0,0,0.533333333,15,0.4000000000000001,15,1,0,0,3,12
FIG4D_RUNX1_RUNX1_4TA,26.213282499999995,0.911536,0.266256,0.108688,0.300615,0.287755,0.0455052,0.0451018,0.342487,0.435721,0.484453,57.854000000000006,38.0,0,0,0.533333333,15,0.4000000000000001,15,1,0,0,4,11
FIG4D_RUNX1_RUNX1_4TC,26.858812433333334,0.914298,0.280865,0.160718,0.321295,0.307853,0.0281309,0.0278818,0.21115399999999998,0.268635,0.29867,57.854000000000006,38.0,0,0,0.6,15,0.4000000000000001,15,1,0,0,4,11
FIG4D_RUNX1_RUNX1_4TG,27.229958633333336,0.915234,0.285122,0.165683,0.327084,0.313476,0.0262893,0.0267666,0.177557,0.22589099999999998,0.246825,57.854000000000006,38.0,0,0,0.6,15,0.4000000000000001,15,1,0,0,4,11
FIG4D_RUNX1_RUNX1_5GT,41.03137506666667,0.9199610000000001,0.324534,0.21840800000000002,0.3867070000000001,0.374037,0.0,0.0,0.0,0.0123575,0.0676046,57.854000000000006,38.0,1,0,0.466666667,15,0.4000000000000001,15,1,0,0,5,10
FIG4D_RUNX1_RUNX1_6GC,38.68079823333333,0.796423,0.24572800000000003,0.0899535,0.27737,0.264488,0.0814313,0.0803258,0.0,0.0734508,0.11051499999999999,57.854000000000006,38.0,1,0,0.533333333,15,0.4000000000000001,15,1,0,0,6,9
FIG4E_VEGFA_VEGFA_1TA,29.001148333333337,0.0164292,0.0792859,0.092094,0.09283809999999999,0.100354,0.181899,0.19956,0.21962800000000002,0.10961,0.0841766,66.789,57.0,0,0,0.545454545,22,0.615384615,13,1,0,0,1,21
FIG4E_VEGFA_VEGFA_1TC,34.666331,0.0160921,0.0734103,0.0852697,0.0944531,0.10210000000000001,0.168427,0.18478399999999998,0.20362099999999997,0.11123299999999998,0.0853974,66.789,57.0,0,0,0.590909091,22,0.615384615,13,1,0,0,1,21
FIG4E_VEGFA_VEGFA_1TG,29.031935233333332,0.0193018,0.104837,0.121774,0.089688,0.0969494,0.240532,0.263842,0.287134,0.106729,0.0819893,66.789,57.0,0,0,0.590909091,22,0.615384615,13,1,0,0,1,21
FIG4E_VEGFA_VEGFA_2GA,27.383312166666666,0.0158058,0.072202,0.0838676,0.123328,0.12836,0.165679,0.181768,0.200226,0.11311,0.0868124,66.789,57.0,0,0,0.5,22,0.615384615,13,1,0,0,2,20
FIG4E_VEGFA_VEGFA_3AC,22.522229166666666,0.0157578,0.0749989,0.0871148,0.09354270000000002,0.101116,0.17207000000000003,0.18878000000000003,0.20798400000000003,0.11027000000000002,0.08464889999999999,66.789,57.0,0,0,0.590909091,22,0.615384615,13,1,0,0,3,19
FIG4E_VEGFA_VEGFA_3AG,25.389440333333336,0.0168296,0.0936751,0.108807,0.0861747,0.0931516,0.214897,0.23568,0.259426,0.103412,0.0791819,66.789,57.0,0,0,0.590909091,22,0.615384615,13,1,0,0,3,19
FIG4E_VEGFA_VEGFA_3AT,20.981986066666668,0.0159409,0.0773494,0.0898447,0.0925819,0.10007700000000001,0.177458,0.19469100000000003,0.214461,0.109429,0.0840724,66.789,57.0,0,0,0.545454545,22,0.615384615,13,1,0,0,3,19
FIG4E_VEGFA_VEGFA_5GT,50.59513366666667,0.0103022,0.0810604,0.09415460000000002,0.0771978,0.0834478,0.185964,0.204028,0.224911,0.0956423,0.073783,66.789,57.0,1,0,0.5,22,0.615384615,13,1,0,0,5,17
FIG4E_VEGFA_VEGFA_6GC,29.092425,0.0193075,0.0757875,0.0880338,0.112106,0.121182,0.17393,0.19081800000000002,0.21034699999999998,0.128295,0.0977596,66.789,57.0,1,0,0.545454545,22,0.615384615,13,1,0,0,6,16
FIG4E_VEGFA_VEGFA_7CA,30.62514623333333,0.0154057,0.0986898,0.114634,0.09303,0.100562,0.226438,0.248406,0.272241,0.109232,0.08341349999999999,66.789,57.0,0,0,0.5,22,0.615384615,13,1,0,0,7,15
FIG4E_VEGFA_VEGFA_7CT,32.96695383333333,0.0188027,0.152546,0.177194,0.08426260000000001,0.0910846,0.350055,0.384023,0.422647,0.101728,0.0781225,66.789,57.0,0,0,0.5,22,0.615384615,13,1,0,0,7,15
FIG4E_VEGFA_VEGFA_9CG,10.036604766666668,0.0351733,0.0876427,0.10180099999999999,0.10197,0.110226,0.20107700000000003,0.2206,0.242677,0.12091400000000001,0.09173769999999999,66.789,57.0,0,0,0.545454545,22,0.615384615,13,1,0,0,9,13
FIG4F_DNMT1_1TCAINS,29.44869146666667,0.742344,0.0461841,0.170758,0.027337700000000003,0.0,0.0609751,0.0641103,0.050758,0.0204433,0.0,65.144,49.0,1,0,0.611111111,18,0.615384615,13,0,0,3,1,14
FIG4F_DNMT1_3-5AGGDEL,30.738995733333336,0.693457,0.04274239999999999,0.191524,0.0271001,0.0861203,0.0666992,0.114308,0.12471700000000001,0.132211,0.16731299999999996,65.144,49.0,1,0,0.666666667,12,0.615384615,13,0,3,0,3,9
FIG4F_DNMT1_3ADEL,16.6318684,0.7863669999999999,0.0476683,0.195407,0.027260500000000003,0.0361161,0.0874785,0.09277229999999999,0.0722391,0.0342229,0.0195997,65.144,49.0,0,0,0.714285714,14,0.615384615,13,0,1,0,3,11
FIG4F_DNMT1_4CINS,29.9217018,0.71733,0.042491499999999995,0.180515,0.0259113,0.0277789,0.0902825,0.0954359,0.0800321,0.0432119,0.0707948,65.144,49.0,1,0,0.6875,16,0.615384615,13,0,0,1,5,10
FIG4F_EMX1_1TGCINS,34.53072133333333,0.650352,0.772316,0.819265,0.849319,0.877974,0.909209,0.924287,0.636246,0.7125309999999999,0.865692,69.541,53.0,1,0,0.631578947,19,0.5,14,0,0,3,1,15
FIG4F_EMX1_4-6GGGDEL,14.840356066666669,0.644102,0.770241,0.823182,0.860226,0.896249,0.9334349999999999,0.950761,0.589817,0.434575,0.504131,69.541,53.0,1,0,0.538461538,13,0.5,14,0,3,0,4,9
FIG4F_EMX1_5GDEL,6.828257166666667,0.673191,0.802898,0.855652,0.891445,0.926555,0.9655330000000001,0.9866389999999999,0.639456,0.693745,0.843049,69.541,53.0,1,0,0.6,15,0.5,14,0,1,0,4,11
FIG4F_EMX1_6TINS,25.586145966666667,0.675897,0.804272,0.854997,0.888382,0.9200399999999999,0.952659,0.968069,0.637387,0.354876,0.4309239999999999,69.541,53.0,1,0,0.588235294,17,0.5,14,0,0,1,6,10
FIG4F_FANCF_3CINS,26.31572563333333,0.495145,0.511778,0.519055,0.0,0.0,0.603579,0.694073,0.759449,0.108261,0.100611,60.38399999999999,48.0,1,0,0.555555556,18,0.571428571,14,0,0,1,3,14
FIG4F_FANCF_4GATINS,45.31189966666667,0.363745,0.386968,0.40426,0.0,0.0,0.467862,0.538001,0.587082,0.424636,0.0567819,60.38399999999999,48.0,1,0,0.5,20,0.571428571,14,0,0,3,3,14
FIG4F_FANCF_5-7GGADEL,26.43779556666666,0.581595,0.603911,0.614439,0.0,0.0,0.636691,0.701604,0.768906,0.0935625,0.0917207,60.38399999999999,48.0,1,0,0.5,14,0.571428571,14,0,3,0,5,9
FIG4F_FANCF_6GDEL,48.7094675,0.35093900000000006,0.363491,0.368004,0.0,0.0,0.395091,0.454331,0.49770699999999995,0.521852,0.54518,60.38399999999999,48.0,1,0,0.5,16,0.571428571,14,0,1,0,6,10
FIG4F_HEK3_1-3TGADEL,54.33252866666667,0.743363,0.0912985,0.0971475,0.0917243,0.0850011,0.09115820000000001,0.0881631,0.118703,0.1507,0.166574,63.26500000000001,90.0,1,0,0.580645161,31,0.615384615,13,0,3,0,1,30
FIG4F_HEK3_1AINS,44.16295066666667,0.802346,0.318008,0.31283,0.292333,0.312349,0.327987,0.0,0.09902510000000002,0.10878899999999998,0.0938825,63.26500000000001,90.0,1,0,0.45454545500000004,11,0.615384615,13,0,0,1,1,9
FIG4F_HEK3_1CTTINS,51.74210976666668,0.828013,0.449983,0.449474,0.139093,0.147973,0.154644,0.0,0.397011,0.436021,0.445887,63.26500000000001,90.0,1,0,0.461538462,13,0.615384615,13,0,0,3,1,9
FIG4F_HEK3_1TDEL,36.969276566666665,0.796771,0.298906,0.292532,0.262017,0.281435,0.297301,0.0,0.013185300000000002,0.013706000000000001,0.225023,63.26500000000001,90.0,1,0,0.555555556,9,0.615384615,13,0,1,0,1,8
FIG4F_RNF2_1GTAINS,50.79791376666666,0.228994,0.430073,0.517421,0.303128,0.0,0.290634,0.328395,0.057896399999999994,0.407654,0.455883,52.23,41.0,1,0,0.47058823499999997,17,0.333333333,15,0,0,3,1,13
FIG4F_RNF2_1TINS,35.217646433333336,0.25525,0.420216,0.506568,0.340273,0.0,0.331526,0.36149000000000003,0.0611322,0.431062,0.482024,52.23,41.0,1,0,0.466666667,15,0.333333333,15,0,0,1,1,13
FIG4F_RNF2_3-5GAGDEL,38.87295746666666,0.0227057,0.621406,0.7538519999999999,0.030900300000000002,0.0,0.0205964,0.0275204,0.0288952,0.550514,0.583719,52.23,41.0,1,0,0.45454545500000004,11,0.333333333,15,0,3,0,3,8
FIG4F_RNF2_4ADEL,36.912999500000005,0.0944448,0.507768,0.613814,0.126344,0.0,0.112178,0.12253399999999999,0.0959161,0.0387079,0.0768856,52.23,41.0,1,0,0.538461538,13,0.333333333,15,0,1,0,4,9
FIG4F_RUNX1_1ATGINS,35.80112716666666,0.9123800000000001,0.271758,0.106506,0.308384,0.294588,0.0422465,0.0432876,0.35601600000000005,0.45293199999999995,0.503578,57.854000000000006,38.0,1,0,0.5,18,0.4000000000000001,15,0,0,3,1,14
FIG4F_RUNX1_1CINS,19.927331933333335,0.8995729999999998,0.273403,0.182835,0.31205,0.29851,0.0226326,0.022390900000000002,0.176874,0.225023,0.250188,57.854000000000006,38.0,1,0,0.5625,16,0.4000000000000001,15,0,0,1,1,14
FIG4F_RUNX1_2-4GATDEL,23.869929533333334,0.9087679999999999,0.287055,0.0109878,0.324921,0.311492,0.136477,0.140182,0.45569,0.554772,0.585846,57.854000000000006,38.0,1,0,0.583333333,12,0.4000000000000001,15,0,3,0,2,10
FIG4F_RUNX1_2GDEL,22.5311165,0.914421,0.283232,0.146659,0.323858,0.310488,0.0319,0.0316709,0.230128,0.292775,0.325515,57.854000000000006,38.0,1,0,0.5,14,0.4000000000000001,15,0,1,0,2,12
FIG4F_VEGFA_2-4GAGDEL,44.831991933333335,0.0239018,0.076337,0.0886712,0.192437,0.200966,0.211846,0.221023,0.22975500000000001,0.118126,0.0911861,66.789,57.0,1,0,0.526315789,19,0.615384615,13,0,3,0,2,17
FIG4F_VEGFA_2ACAINS,12.924244700000001,0.0,0.0708796,0.0823339,0.296622,0.307894,0.322533,0.33416700000000005,0.344784,0.09450770000000001,0.0722212,66.789,57.0,1,0,0.52,25,0.615384615,13,0,0,3,3,19
FIG4F_VEGFA_3ADEL,27.233734833333333,0.0162448,0.102731,0.119326,0.08802700000000001,0.09525299999999999,0.23568200000000003,0.258563,0.284994,0.106578,0.0817876,66.789,57.0,1,0,0.571428571,21,0.615384615,13,0,1,0,3,18
FIG4F_VEGFA_4CINS,37.34236993333333,0.0,0.0691673,0.0803454,0.437757,0.455211,0.47780400000000006,0.49603899999999995,0.512904,0.0952841,0.0733114,66.789,57.0,1,0,0.565217391,23,0.615384615,13,0,0,1,5,17
FIG4G_HEK3_DEL1-10,64.1837776,0.843972,0.109068,0.101051,0.09430299999999998,0.0866806,0.0929553,0.0897364,0.118882,0.150928,0.166826,63.26500000000001,90.0,1,0,0.583333333,24,0.615384615,13,0,10,0,1,23
FIG4G_HEK3_DEL1-15,58.979159233333334,0.853507,0.194786,0.201501,0.187837,0.137711,0.142916,0.132413,0.213296,0.24943400000000002,0.260853,63.26500000000001,90.0,1,0,0.631578947,19,0.615384615,13,0,15,0,1,18
FIG4G_HEK3_DEL1-25,70.8640231,0.874135,0.11011900000000001,0.0117971,0.0336404,0.0379558,0.0372028,0.0880825,0.102679,0.17283,0.24471,63.26500000000001,90.0,1,0,0.653846154,26,0.615384615,13,0,25,0,1,25
FIG4G_HEK3_DEL1-30,50.60672039999999,0.8477549999999999,0.10749199999999999,0.0125461,0.035841,0.0400431,0.0393984,0.0726861,0.0820087,0.140387,0.198819,63.26500000000001,90.0,1,0,0.666666667,21,0.615384615,13,0,30,0,1,20
FIG4G_HEK3_DEL1-5,79.38036793333333,0.77982,0.0959181,0.0971901,0.0916722,0.0850103,0.0911615,0.08815270000000001,0.118703,0.1507,0.166574,63.26500000000001,90.0,1,0,0.586206897,29,0.615384615,13,0,5,0,1,28
FIG4G_HEK3_DEL1-80,48.062471,0.0293626,0.0275178,0.0320792,0.0326831,0.0315074,0.0672163,0.0694118,0.275952,0.298844,0.30978,63.26500000000001,90.0,1,0,0.6,20,0.615384615,13,0,80,0,1,19
FIG4H_FANCF_1AC_6GT,48.505880733333335,0.345609,0.357574,0.361778,0.0,0.0526055,0.403468,0.463973,0.508538,0.520778,0.546218,60.38399999999999,48.0,1,0,0.529411765,17,0.571428571,14,2,0,0,1,11
FIG4H_FANCF_1TINS_4-5TGDEL,41.52767866666667,0.359122,0.37196500000000005,0.376287,0.0,0.0146782,0.402241,0.462543,0.50665,0.166629,0.165813,60.38399999999999,48.0,1,0,0.5,16,0.571428571,14,0,2,1,1,12
FIG4H_FANCF_1TINS_6GA,45.206488766666666,0.471837,0.487684,0.494493,0.0,0.0,0.5755,0.661793,0.72478,0.245803,0.256688,60.38399999999999,48.0,1,0,0.444444444,18,0.571428571,14,1,0,1,1,11
FIG4H_FANCF_2CDEL_5GT,52.577374666666664,0.568627,0.588993,0.597746,0.0,0.0,0.638487,0.734175,0.804512,0.0217987,0.0,60.38399999999999,48.0,1,0,0.4375,16,0.571428571,14,1,1,0,1,12
FIG4H_HEK3_1CTTINS_2GC,64.9264704,0.861421,0.0958052,0.09731,0.0917369,0.0850204,0.0911789,0.0881773,0.118703,0.1507,0.166574,63.26500000000001,90.0,1,0,0.540540541,37,0.615384615,13,1,0,3,1,32
FIG4H_HEK3_1CTTINS_5GDEL,68.76915286666666,0.773851,0.09235140000000001,0.09825659999999999,0.0925727,0.0854747,0.0916635,0.08861579999999998,0.11870399999999999,0.1507,0.166574,63.26500000000001,90.0,1,0,0.527777778,36,0.615384615,13,1,1,3,1,28
FIG4H_HEK3_1TDEL_5GC,68.93797333333333,0.7775089999999999,0.0902632,0.096074,0.0912059,0.0849314,0.0910834,0.08809260000000001,0.11870399999999999,0.1507,0.166574,63.26500000000001,90.0,1,0,0.575757576,33,0.615384615,13,2,1,0,1,28
FIG4H_HEK3_2GC_6GT,59.761228666666675,0.768536,0.0912361,0.0957178,0.0909483,0.0846073,0.090736,0.0877717,0.11870200000000002,0.1507,0.166574,63.26500000000001,90.0,1,0,0.529411765,34,0.615384615,13,2,0,0,2,28
FIG4H_RNF2_1-2CTDEL_6GT,55.984439633333324,0.0411159,0.35459900000000005,0.428658,0.05555279999999999,0.0,0.0403307,0.0889007,0.09293,0.08571449999999999,0.0,52.23,41.0,1,0,0.41666666700000005,12,0.333333333,15,1,2,0,1,8
FIG4H_RNF2_1AINS_5GC,60.0715201,0.213136,0.363678,0.438135,0.284301,0.0,0.195179,0.21256,0.0221442,0.023021699999999996,0.232753,52.23,41.0,1,0,0.466666667,15,0.333333333,15,1,0,1,1,9
FIG4H_RNF2_1CA_5GT,62.99544316666667,0.130155,0.536576,0.647984,0.17485800000000004,0.0,0.142085,0.154946,0.0344375,0.271068,0.276667,52.23,41.0,1,0,0.357142857,14,0.333333333,15,2,0,0,1,9
FIG4H_RNF2_2AAIN_3-4GADEL,31.0591051,0.10552299999999999,0.583724,0.7049850000000001,0.141365,0.0,0.124801,0.13605,0.0515523,0.106193,0.14971,52.23,41.0,0,0,0.428571429,14,0.333333333,15,1,1,1,2,10
FIG5A_HEK293T_HBB_INSTALL_PE3,47.099386700000004,0.0,0.0544266,0.45286,0.486153,0.474038,0.374986,0.0,0.0224091,0.0330876,0.0371544,54.657999999999994,72.0,0,0,0.5,14,0.615384615,13,1,0,0,4,10
FIG5A_HEK293T_SCD_HBB_CORRPAM_PE3,58.39412493333334,0.0,0.0460061,0.490626,0.52673,0.51658,0.415416,0.0,0.0285069,0.042532900000000005,0.0478383,54.657999999999994,72.0,1,0,0.5,14,0.615384615,13,1,0,0,5,9
FIG5A_HEK293T_SCD_HBB_CORR_PE3,53.841462400000005,0.0,0.0460061,0.490626,0.52673,0.51658,0.415416,0.0,0.0285069,0.042532900000000005,0.0478383,54.657999999999994,72.0,0,0,0.5,14,0.615384615,13,1,0,0,4,10
FIG5C_HEK293T_PRNP_G127V_PE3,54.56097483333333,0.0480402,0.182728,0.23551599999999998,0.0312821,0.0240813,0.403503,0.45710200000000006,0.495746,0.510132,0.302574,46.10999999999999,72.0,1,0,0.5,12,0.833333333,12,1,0,0,6,6
FIG5E_HEK293T_HBB_INSTALL_PE3,43.5103238,0.0,0.0544266,0.45286,0.486153,0.474038,0.374986,0.0,0.0224091,0.0330876,0.0371544,54.657999999999994,72.0,0,0,0.5,14,0.615384615,13,1,0,0,4,10
FIG5E_HEK293T_HEK3_1TG_PE3,53.24303273333334,0.7947729999999998,0.284468,0.277751,0.291675,0.312424,0.329015,0.0184348,0.0228877,0.0105403,0.0,63.26500000000001,90.0,0,0,0.6,10,0.615384615,13,1,0,0,1,9
FIG5E_HEK293T_PRNP_6GT_PE3,54.56097483333333,0.0480402,0.182728,0.23551599999999998,0.0312821,0.0240813,0.403503,0.45710200000000006,0.495746,0.510132,0.302574,46.10999999999999,72.0,1,0,0.5,12,0.833333333,12,1,0,0,6,6
FIG5E_HEK293T_RNF2_1CG_PE3,44.3991034,0.254212,0.390318,0.4709999999999999,0.340184,0.0,0.332571,0.363278,0.0593415,0.418499,0.46801,52.23,41.0,0,0,0.5,14,0.333333333,15,1,0,0,1,13
FIG5E_HEK293T_SCD_HBB_CORRECTPAM_PE3,58.18685333333333,0.0,0.0,0.545919,0.58615,0.580005,0.492796,0.0,0.013363599999999998,0.0,0.263946,54.657999999999994,72.0,1,0,0.428571429,14,0.615384615,13,1,0,0,5,9
FIG5G_HEK293T_HEK3_6XHIS_PE3,65.24494836666666,0.86526,0.104759,0.09734910000000001,0.0917368,0.0850227,0.0911812,0.0881772,0.118703,0.1507,0.166574,63.26500000000001,90.0,1,0,0.519230769,52,0.615384615,13,0,0,18,1,33
